threshold,tp,fp,fn,tn,tpr,fpr,precision,recall,f1
0.6830460067341065,1,0,332,199,0.003003003003003003,0.0,1.0,0.003003003003003003,0.005988023952095808
0.6606448412981979,1,1,332,198,0.003003003003003003,0.005025125628140704,0.5,0.003003003003003003,0.0059701492537313425
0.6586987193881149,2,1,331,198,0.006006006006006006,0.005025125628140704,0.6666666666666666,0.006006006006006006,0.011904761904761906
0.6497385846432497,3,1,330,198,0.009009009009009009,0.005025125628140704,0.75,0.009009009009009009,0.017804154302670624
0.6493845819036324,4,1,329,198,0.012012012012012012,0.005025125628140704,0.8,0.012012012012012012,0.02366863905325444
0.6331741759997785,6,1,327,198,0.018018018018018018,0.005025125628140704,0.8571428571428571,0.018018018018018018,0.03529411764705882
0.6288066665064723,7,1,326,198,0.021021021021021023,0.005025125628140704,0.875,0.021021021021021023,0.04105571847507332
0.6248028391064951,8,1,325,198,0.024024024024024024,0.005025125628140704,0.8888888888888888,0.024024024024024024,0.04678362573099415
0.6189514886003884,9,1,324,198,0.02702702702702703,0.005025125628140704,0.9,0.02702702702702703,0.052478134110787174
0.6189398912364196,9,2,324,197,0.02702702702702703,0.010050251256281407,0.8181818181818182,0.02702702702702703,0.05232558139534883
0.5946696867681491,11,2,322,197,0.03303303303303303,0.010050251256281407,0.8461538461538461,0.03303303303303303,0.06358381502890173
0.5891547386259179,12,2,321,197,0.036036036036036036,0.010050251256281407,0.8571428571428571,0.036036036036036036,0.069164265129683
0.5838073596539913,12,3,321,196,0.036036036036036036,0.01507537688442211,0.8,0.036036036036036036,0.06896551724137931
0.5826358097471639,13,3,320,196,0.03903903903903904,0.01507537688442211,0.8125,0.03903903903903904,0.07449856733524356
0.5805793709784477,15,3,318,196,0.04504504504504504,0.01507537688442211,0.8333333333333334,0.04504504504504504,0.08547008547008547
0.5803672099210636,15,4,318,195,0.04504504504504504,0.020100502512562814,0.7894736842105263,0.04504504504504504,0.08522727272727272
0.5756066614413311,15,5,318,194,0.04504504504504504,0.02512562814070352,0.75,0.04504504504504504,0.08498583569405099
0.5737884981518876,17,5,316,194,0.05105105105105105,0.02512562814070352,0.7727272727272727,0.05105105105105105,0.09577464788732394
0.5736601375606574,18,5,315,194,0.05405405405405406,0.02512562814070352,0.782608695652174,0.05405405405405406,0.10112359550561797
0.5727002784286482,19,5,314,194,0.057057057057057055,0.02512562814070352,0.7916666666666666,0.057057057057057055,0.10644257703081231
0.570127509437098,19,6,314,193,0.057057057057057055,0.03015075376884422,0.76,0.057057057057057055,0.10614525139664803
0.5684770656169122,20,6,313,193,0.06006006006006006,0.03015075376884422,0.7692307692307693,0.06006006006006006,0.11142061281337048
0.5662462650435514,20,7,313,192,0.06006006006006006,0.035175879396984924,0.7407407407407407,0.06006006006006006,0.1111111111111111
0.5637741126190512,21,7,312,192,0.06306306306306306,0.035175879396984924,0.75,0.06306306306306306,0.11634349030470913
0.5620520257422298,21,8,312,191,0.06306306306306306,0.04020100502512563,0.7241379310344828,0.06306306306306306,0.1160220994475138
0.5619950038615628,21,9,312,190,0.06306306306306306,0.04522613065326633,0.7,0.06306306306306306,0.11570247933884296
0.5600052538695525,21,10,312,189,0.06306306306306306,0.05025125628140704,0.6774193548387096,0.06306306306306306,0.11538461538461538
0.5594462114827093,21,11,312,188,0.06306306306306306,0.05527638190954774,0.65625,0.06306306306306306,0.11506849315068492
0.5539384727307509,21,12,312,187,0.06306306306306306,0.06030150753768844,0.6363636363636364,0.06306306306306306,0.11475409836065573
0.5538858547614361,22,12,311,187,0.06606606606606606,0.06030150753768844,0.6470588235294118,0.06606606606606606,0.11989100817438693
0.5526890587022287,23,12,310,187,0.06906906906906907,0.06030150753768844,0.6571428571428571,0.06906906906906907,0.125
0.5486985548855075,24,12,309,187,0.07207207207207207,0.06030150753768844,0.6666666666666666,0.07207207207207207,0.13008130081300812
0.5475184993294471,24,13,309,186,0.07207207207207207,0.06532663316582915,0.6486486486486487,0.07207207207207207,0.1297297297297297
0.5467804625192195,25,13,308,186,0.07507507507507508,0.06532663316582915,0.6578947368421053,0.07507507507507508,0.13477088948787064
0.5463003000178831,25,14,308,185,0.07507507507507508,0.07035175879396985,0.6410256410256411,0.07507507507507508,0.13440860215053763
0.5454251930782628,25,15,308,184,0.07507507507507508,0.07537688442211055,0.625,0.07507507507507508,0.13404825737265416
0.5445137450301901,26,15,307,184,0.07807807807807808,0.07537688442211055,0.6341463414634146,0.07807807807807808,0.13903743315508021
0.5420880680141346,27,15,306,184,0.08108108108108109,0.07537688442211055,0.6428571428571429,0.08108108108108109,0.14400000000000002
0.5402298973917932,27,16,306,183,0.08108108108108109,0.08040201005025126,0.627906976744186,0.08108108108108109,0.14361702127659573
0.539653860435508,27,17,306,182,0.08108108108108109,0.08542713567839195,0.6136363636363636,0.08108108108108109,0.14323607427055704
0.5355014609638662,28,17,305,182,0.08408408408408409,0.08542713567839195,0.6222222222222222,0.08408408408408409,0.14814814814814817
0.530822176470896,29,17,304,182,0.08708708708708708,0.08542713567839195,0.6304347826086957,0.08708708708708708,0.15303430079155672
0.5298145890013025,30,17,303,182,0.09009009009009009,0.08542713567839195,0.6382978723404256,0.09009009009009009,0.15789473684210525
0.5289338321120348,30,18,303,181,0.09009009009009009,0.09045226130653267,0.625,0.09009009009009009,0.15748031496062992
0.5288704482333793,31,18,302,181,0.09309309309309309,0.09045226130653267,0.6326530612244898,0.09309309309309309,0.16230366492146595
0.5285927781939981,31,19,302,180,0.09309309309309309,0.09547738693467336,0.62,0.09309309309309309,0.16187989556135768
0.5278744917500594,32,19,301,180,0.0960960960960961,0.09547738693467336,0.6274509803921569,0.0960960960960961,0.16666666666666666
0.5261500438920939,33,19,300,180,0.0990990990990991,0.09547738693467336,0.6346153846153846,0.0990990990990991,0.17142857142857146
0.524774721739231,34,19,299,180,0.1021021021021021,0.09547738693467336,0.6415094339622641,0.1021021021021021,0.17616580310880828
0.5242432987496753,35,19,298,180,0.10510510510510511,0.09547738693467336,0.6481481481481481,0.10510510510510511,0.18087855297157623
0.524035158910812,35,20,298,179,0.10510510510510511,0.10050251256281408,0.6363636363636364,0.10510510510510511,0.18041237113402064
0.5239602794702408,36,20,297,179,0.10810810810810811,0.10050251256281408,0.6428571428571429,0.10810810810810811,0.18508997429305915
0.5229821742442756,36,21,297,178,0.10810810810810811,0.10552763819095477,0.631578947368421,0.10810810810810811,0.18461538461538465
0.5228581742450764,36,22,297,177,0.10810810810810811,0.11055276381909548,0.6206896551724138,0.10810810810810811,0.1841432225063939
0.521839467587312,36,23,297,176,0.10810810810810811,0.11557788944723618,0.6101694915254238,0.10810810810810811,0.1836734693877551
0.5217493351664576,37,23,296,176,0.1111111111111111,0.11557788944723618,0.6166666666666667,0.1111111111111111,0.18829516539440203
0.5202960499827661,38,23,295,176,0.11411411411411411,0.11557788944723618,0.6229508196721312,0.11411411411411411,0.19289340101522842
0.5185101144849382,38,24,295,175,0.11411411411411411,0.12060301507537688,0.6129032258064516,0.11411411411411411,0.19240506329113924
0.5164930056321351,39,24,294,175,0.11711711711711711,0.12060301507537688,0.6190476190476191,0.11711711711711711,0.19696969696969696
0.5155980589683007,39,25,294,174,0.11711711711711711,0.12562814070351758,0.609375,0.11711711711711711,0.1964735516372796
0.5151775716799992,40,25,293,174,0.12012012012012012,0.12562814070351758,0.6153846153846154,0.12012012012012012,0.20100502512562815
0.5133512278026564,40,26,293,173,0.12012012012012012,0.1306532663316583,0.6060606060606061,0.12012012012012012,0.2005012531328321
0.5131324274906133,41,26,292,173,0.12312312312312312,0.1306532663316583,0.6119402985074627,0.12312312312312312,0.205
0.511382027264739,42,26,291,173,0.12612612612612611,0.1306532663316583,0.6176470588235294,0.12612612612612611,0.20947630922693264
0.5105109077156426,43,26,290,173,0.12912912912912913,0.1306532663316583,0.6231884057971014,0.12912912912912913,0.2139303482587065
0.5104653957693058,44,26,289,173,0.13213213213213212,0.1306532663316583,0.6285714285714286,0.13213213213213212,0.21836228287841186
0.5100920011489047,45,26,288,173,0.13513513513513514,0.1306532663316583,0.6338028169014085,0.13513513513513514,0.2227722772277228
0.5089567459210398,46,26,287,173,0.13813813813813813,0.1306532663316583,0.6388888888888888,0.13813813813813813,0.2271604938271605
0.508881706446843,46,27,287,172,0.13813813813813813,0.135678391959799,0.6301369863013698,0.13813813813813813,0.22660098522167488
0.5087661679047191,47,27,286,172,0.14114114114114115,0.135678391959799,0.6351351351351351,0.14114114114114115,0.23095823095823095
0.5086739344694456,49,27,284,172,0.14714714714714713,0.135678391959799,0.6447368421052632,0.14714714714714713,0.23960880195599019
0.5076794390036566,49,28,284,171,0.14714714714714713,0.1407035175879397,0.6363636363636364,0.14714714714714713,0.23902439024390243
0.5066241335448831,49,29,284,170,0.14714714714714713,0.1457286432160804,0.6282051282051282,0.14714714714714713,0.23844282238442818
0.5063203235948255,50,29,283,170,0.15015015015015015,0.1457286432160804,0.6329113924050633,0.15015015015015015,0.24271844660194178
0.5059415386577869,51,29,282,170,0.15315315315315314,0.1457286432160804,0.6375,0.15315315315315314,0.2469733656174334
0.5058130083523302,52,29,281,170,0.15615615615615616,0.1457286432160804,0.6419753086419753,0.15615615615615616,0.25120772946859904
0.5052782384862187,53,29,280,170,0.15915915915915915,0.1457286432160804,0.6463414634146342,0.15915915915915915,0.25542168674698795
0.5047953656319691,53,30,280,169,0.15915915915915915,0.1507537688442211,0.6385542168674698,0.15915915915915915,0.2548076923076923
0.5041063167483878,54,30,279,169,0.16216216216216217,0.1507537688442211,0.6428571428571429,0.16216216216216217,0.2589928057553957
0.5037687806504904,54,31,279,168,0.16216216216216217,0.15577889447236182,0.6352941176470588,0.16216216216216217,0.2583732057416268
0.5026536931420506,55,31,278,168,0.16516516516516516,0.15577889447236182,0.6395348837209303,0.16516516516516516,0.26252983293556087
0.5011670805788204,56,31,277,168,0.16816816816816818,0.15577889447236182,0.6436781609195402,0.16816816816816818,0.2666666666666667
0.5009421625080208,57,31,276,168,0.17117117117117117,0.15577889447236182,0.6477272727272727,0.17117117117117117,0.2707838479809976
0.5003233038992587,57,32,276,167,0.17117117117117117,0.16080402010050251,0.6404494382022472,0.17117117117117117,0.27014218009478674
0.5001500998355884,58,32,275,167,0.17417417417417416,0.16080402010050251,0.6444444444444445,0.17417417417417416,0.27423167848699764
0.49678487625974055,59,32,274,167,0.17717717717717718,0.16080402010050251,0.6483516483516484,0.17717717717717718,0.2783018867924528
0.4952381004105257,60,32,273,167,0.18018018018018017,0.16080402010050251,0.6521739130434783,0.18018018018018017,0.2823529411764706
0.49422210083951873,60,33,273,166,0.18018018018018017,0.1658291457286432,0.6451612903225806,0.18018018018018017,0.2816901408450704
0.4933112497607425,61,33,272,166,0.1831831831831832,0.1658291457286432,0.648936170212766,0.1831831831831832,0.28571428571428575
0.492381763661606,61,34,272,165,0.1831831831831832,0.1708542713567839,0.6421052631578947,0.1831831831831832,0.28504672897196265
0.491976917717307,61,35,272,164,0.1831831831831832,0.17587939698492464,0.6354166666666666,0.1831831831831832,0.2843822843822844
0.49158733302859,62,35,271,164,0.18618618618618618,0.17587939698492464,0.6391752577319587,0.18618618618618618,0.2883720930232558
0.4913744965973709,62,36,271,163,0.18618618618618618,0.18090452261306533,0.6326530612244898,0.18618618618618618,0.2877030162412993
0.491265137367854,62,37,271,162,0.18618618618618618,0.18592964824120603,0.6262626262626263,0.18618618618618618,0.28703703703703703
0.49096602279040574,63,37,270,162,0.1891891891891892,0.18592964824120603,0.63,0.1891891891891892,0.2909930715935335
0.4904002525752515,64,37,269,162,0.1921921921921922,0.18592964824120603,0.6336633663366337,0.1921921921921922,0.29493087557603687
0.4903036218789223,64,38,269,161,0.1921921921921922,0.19095477386934673,0.6274509803921569,0.1921921921921922,0.2942528735632184
0.49029466909690445,65,38,268,161,0.19519519519519518,0.19095477386934673,0.6310679611650486,0.19519519519519518,0.2981651376146789
0.490012701664578,65,39,268,160,0.19519519519519518,0.19597989949748743,0.625,0.19519519519519518,0.2974828375286041
0.4898968320360782,65,40,268,159,0.19519519519519518,0.20100502512562815,0.6190476190476191,0.19519519519519518,0.2968036529680365
0.48896733862400676,65,41,268,158,0.19519519519519518,0.20603015075376885,0.6132075471698113,0.19519519519519518,0.29612756264236906
0.48832814364540306,66,41,267,158,0.1981981981981982,0.20603015075376885,0.616822429906542,0.1981981981981982,0.3
0.4883033385899211,67,41,266,158,0.2012012012012012,0.20603015075376885,0.6203703703703703,0.2012012012012012,0.3038548752834467
0.4876083731293576,67,42,266,157,0.2012012012012012,0.21105527638190955,0.6146788990825688,0.2012012012012012,0.3031674208144796
0.4873145486221,67,43,266,156,0.2012012012012012,0.21608040201005024,0.6090909090909091,0.2012012012012012,0.30248306997742663
0.4868434857684714,67,44,266,155,0.2012012012012012,0.22110552763819097,0.6036036036036037,0.2012012012012012,0.3018018018018018
0.48674129348140793,67,45,266,154,0.2012012012012012,0.22613065326633167,0.5982142857142857,0.2012012012012012,0.30112359550561796
0.48669636960852225,68,45,265,154,0.2042042042042042,0.22613065326633167,0.6017699115044248,0.2042042042042042,0.30493273542600896
0.4857049611497134,69,45,264,154,0.2072072072072072,0.22613065326633167,0.6052631578947368,0.2072072072072072,0.30872483221476504
0.4853430242757224,70,45,263,154,0.21021021021021022,0.22613065326633167,0.6086956521739131,0.21021021021021022,0.3125
0.4849022529153684,71,45,262,154,0.2132132132132132,0.22613065326633167,0.6120689655172413,0.2132132132132132,0.31625835189309576
0.48474368000789286,71,46,262,153,0.2132132132132132,0.23115577889447236,0.6068376068376068,0.2132132132132132,0.31555555555555553
0.48464455582524985,71,47,262,152,0.2132132132132132,0.23618090452261306,0.6016949152542372,0.2132132132132132,0.3148558758314856
0.4844018032974889,72,47,261,152,0.21621621621621623,0.23618090452261306,0.6050420168067226,0.21621621621621623,0.31858407079646023
0.4837680682237836,73,47,260,152,0.21921921921921922,0.23618090452261306,0.6083333333333333,0.21921921921921922,0.3222958057395144
0.483513413307572,74,47,259,152,0.2222222222222222,0.23618090452261306,0.6115702479338843,0.2222222222222222,0.32599118942731276
0.4827414375846254,74,48,259,151,0.2222222222222222,0.24120603015075376,0.6065573770491803,0.2222222222222222,0.3252747252747253
0.4826823139614083,74,49,259,150,0.2222222222222222,0.24623115577889448,0.6016260162601627,0.2222222222222222,0.32456140350877194
0.48219678314228204,74,50,259,149,0.2222222222222222,0.25125628140703515,0.5967741935483871,0.2222222222222222,0.3238512035010941
0.4819548530649219,74,51,259,148,0.2222222222222222,0.2562814070351759,0.592,0.2222222222222222,0.3231441048034934
0.48184268723381973,75,51,258,148,0.22522522522522523,0.2562814070351759,0.5952380952380952,0.22522522522522523,0.326797385620915
0.48162761777555646,76,51,257,148,0.22822822822822822,0.2562814070351759,0.5984251968503937,0.22822822822822822,0.33043478260869563
0.4816078222488178,76,52,257,147,0.22822822822822822,0.2613065326633166,0.59375,0.22822822822822822,0.32971800433839477
0.48095692894289355,77,52,256,147,0.23123123123123124,0.2613065326633166,0.5968992248062015,0.23123123123123124,0.3333333333333333
0.48076102834691076,77,53,256,146,0.23123123123123124,0.2663316582914573,0.5923076923076923,0.23123123123123124,0.3326133909287257
0.47970883914982426,77,54,256,145,0.23123123123123124,0.271356783919598,0.5877862595419847,0.23123123123123124,0.33189655172413796
0.47913776762811855,78,54,255,145,0.23423423423423423,0.271356783919598,0.5909090909090909,0.23423423423423423,0.33548387096774196
0.47904000548875153,79,54,254,145,0.23723723723723725,0.271356783919598,0.5939849624060151,0.23723723723723725,0.33905579399141633
0.47856868815516607,79,55,254,144,0.23723723723723725,0.27638190954773867,0.5895522388059702,0.23723723723723725,0.33832976445396146
0.4768591133650744,79,56,254,143,0.23723723723723725,0.2814070351758794,0.5851851851851851,0.23723723723723725,0.3376068376068376
0.4755184059090147,79,57,254,142,0.23723723723723725,0.2864321608040201,0.5808823529411765,0.23723723723723725,0.3368869936034115
0.4753369451131076,80,57,253,142,0.24024024024024024,0.2864321608040201,0.583941605839416,0.24024024024024024,0.3404255319148936
0.4752068269683377,81,57,252,142,0.24324324324324326,0.2864321608040201,0.5869565217391305,0.24324324324324326,0.34394904458598724
0.47519884785814887,82,57,251,142,0.24624624624624625,0.2864321608040201,0.5899280575539568,0.24624624624624625,0.3474576271186441
0.47510501387043536,83,57,250,142,0.24924924924924924,0.2864321608040201,0.5928571428571429,0.24924924924924924,0.35095137420718814
0.474888433988735,84,57,249,142,0.25225225225225223,0.2864321608040201,0.5957446808510638,0.25225225225225223,0.3544303797468354
0.4746412765665113,84,58,249,141,0.25225225225225223,0.2914572864321608,0.5915492957746479,0.25225225225225223,0.35368421052631577
0.4738156445740115,84,59,249,140,0.25225225225225223,0.2964824120603015,0.5874125874125874,0.25225225225225223,0.3529411764705882
0.4730222036779286,85,59,248,140,0.2552552552552553,0.2964824120603015,0.5902777777777778,0.2552552552552553,0.35639412997903563
0.47280808725526074,86,59,247,140,0.25825825825825827,0.2964824120603015,0.593103448275862,0.25825825825825827,0.3598326359832636
0.4726290399556905,86,60,247,139,0.25825825825825827,0.3015075376884422,0.589041095890411,0.25825825825825827,0.35908141962421714
0.472029264668904,87,60,246,139,0.26126126126126126,0.3015075376884422,0.5918367346938775,0.26126126126126126,0.3625
0.47182717808253494,87,61,246,138,0.26126126126126126,0.3065326633165829,0.5878378378378378,0.26126126126126126,0.36174636174636177
0.4717180421408197,87,62,246,137,0.26126126126126126,0.31155778894472363,0.5838926174496645,0.26126126126126126,0.36099585062240663
0.4711791810187022,88,62,245,137,0.26426426426426425,0.31155778894472363,0.5866666666666667,0.26426426426426425,0.3643892339544513
0.47108075017017326,89,62,244,137,0.2672672672672673,0.31155778894472363,0.5894039735099338,0.2672672672672673,0.36776859504132237
0.47092578904613,90,62,243,137,0.2702702702702703,0.31155778894472363,0.5921052631578947,0.2702702702702703,0.3711340206185567
0.4699642492432249,91,62,242,137,0.2732732732732733,0.31155778894472363,0.5947712418300654,0.2732732732732733,0.37448559670781895
0.4698209615347439,92,62,241,137,0.27627627627627627,0.31155778894472363,0.5974025974025974,0.27627627627627627,0.3778234086242299
0.46963420332382133,93,62,240,137,0.27927927927927926,0.31155778894472363,0.6,0.27927927927927926,0.38114754098360654
0.46953264691599733,93,63,240,136,0.27927927927927926,0.3165829145728643,0.5961538461538461,0.27927927927927926,0.3803680981595092
0.46878077454000233,93,64,240,135,0.27927927927927926,0.32160804020100503,0.5923566878980892,0.27927927927927926,0.3795918367346939
0.4685314400995988,93,65,240,134,0.27927927927927926,0.32663316582914576,0.5886075949367089,0.27927927927927926,0.3788187372708757
0.4684971094463863,94,65,239,134,0.2822822822822823,0.32663316582914576,0.5911949685534591,0.2822822822822823,0.3821138211382114
0.4683442767738337,94,66,239,133,0.2822822822822823,0.3316582914572864,0.5875,0.2822822822822823,0.3813387423935092
0.46817853240348023,94,67,239,132,0.2822822822822823,0.33668341708542715,0.5838509316770186,0.2822822822822823,0.38056680161943324
0.4677734953002651,95,67,238,132,0.2852852852852853,0.33668341708542715,0.5864197530864198,0.2852852852852853,0.38383838383838387
0.46638204557211976,95,68,238,131,0.2852852852852853,0.3417085427135678,0.5828220858895705,0.2852852852852853,0.3830645161290323
0.46636636615112237,95,69,238,130,0.2852852852852853,0.34673366834170855,0.5792682926829268,0.2852852852852853,0.3822937625754527
0.46594000456065326,95,70,238,129,0.2852852852852853,0.35175879396984927,0.5757575757575758,0.2852852852852853,0.38152610441767065
0.46569064972292845,96,70,237,129,0.2882882882882883,0.35175879396984927,0.5783132530120482,0.2882882882882883,0.38476953907815625
0.46514092318760397,96,71,237,128,0.2882882882882883,0.35678391959798994,0.5748502994011976,0.2882882882882883,0.384
0.4651172093128401,97,71,236,128,0.2912912912912913,0.35678391959798994,0.5773809523809523,0.2912912912912913,0.38722554890219557
0.464357591512005,97,72,236,127,0.2912912912912913,0.36180904522613067,0.5739644970414202,0.2912912912912913,0.38645418326693226
0.46391925122070554,98,72,235,127,0.29429429429429427,0.36180904522613067,0.5764705882352941,0.29429429429429427,0.3896620278330019
0.4639176916527572,98,73,235,126,0.29429429429429427,0.36683417085427134,0.5730994152046783,0.29429429429429427,0.3888888888888889
0.463598772115214,99,73,234,126,0.2972972972972973,0.36683417085427134,0.5755813953488372,0.2972972972972973,0.3920792079207921
0.46288110395578486,100,73,233,126,0.3003003003003003,0.36683417085427134,0.5780346820809249,0.3003003003003003,0.3952569169960475
0.4626830968121806,101,73,232,126,0.3033033033033033,0.36683417085427134,0.5804597701149425,0.3033033033033033,0.3984220907297831
0.46263470080674235,101,74,232,125,0.3033033033033033,0.37185929648241206,0.5771428571428572,0.3033033033033033,0.3976377952755906
0.46260884263618735,102,74,231,125,0.3063063063063063,0.37185929648241206,0.5795454545454546,0.3063063063063063,0.40078585461689586
0.46128490603817635,102,75,231,124,0.3063063063063063,0.3768844221105528,0.576271186440678,0.3063063063063063,0.4
0.46123907286816473,102,76,231,123,0.3063063063063063,0.38190954773869346,0.5730337078651685,0.3063063063063063,0.39921722113502933
0.46042634103503627,102,77,231,122,0.3063063063063063,0.3869346733668342,0.5698324022346368,0.3063063063063063,0.39843749999999994
0.46040328023210647,103,77,230,122,0.30930930930930933,0.3869346733668342,0.5722222222222222,0.30930930930930933,0.4015594541910331
0.4602164386199779,104,77,229,122,0.3123123123123123,0.3869346733668342,0.574585635359116,0.3123123123123123,0.4046692607003891
0.4596701771111201,104,78,229,121,0.3123123123123123,0.39195979899497485,0.5714285714285714,0.3123123123123123,0.4038834951456311
0.4594268580867944,104,79,229,120,0.3123123123123123,0.3969849246231156,0.5683060109289617,0.3123123123123123,0.40310077519379844
0.4592385835214626,104,80,229,119,0.3123123123123123,0.4020100502512563,0.5652173913043478,0.3123123123123123,0.402321083172147
0.4577513112805858,105,80,228,119,0.3153153153153153,0.4020100502512563,0.5675675675675675,0.3153153153153153,0.4054054054054054
0.4575731532072007,106,80,227,119,0.3183183183183183,0.4020100502512563,0.5698924731182796,0.3183183183183183,0.4084778420038535
0.4574981258283278,107,80,226,119,0.3213213213213213,0.4020100502512563,0.5721925133689839,0.3213213213213213,0.4115384615384615
0.45744948390257856,108,80,225,119,0.32432432432432434,0.4020100502512563,0.574468085106383,0.32432432432432434,0.4145873320537428
0.4570610823450682,109,80,224,119,0.32732732732732733,0.4020100502512563,0.5767195767195767,0.32732732732732733,0.4176245210727969
0.45686947520966315,110,80,223,119,0.3303303303303303,0.4020100502512563,0.5789473684210527,0.3303303303303303,0.42065009560229444
0.4562543734199359,111,80,222,119,0.3333333333333333,0.4020100502512563,0.581151832460733,0.3333333333333333,0.42366412213740456
0.4562412435001979,111,81,222,118,0.3333333333333333,0.40703517587939697,0.578125,0.3333333333333333,0.4228571428571429
0.4560865426459454,112,81,221,118,0.33633633633633636,0.40703517587939697,0.5803108808290155,0.33633633633633636,0.42585551330798477
0.45590094483259136,113,81,220,118,0.33933933933933935,0.40703517587939697,0.5824742268041238,0.33933933933933935,0.428842504743833
0.45562139236667365,114,81,219,118,0.34234234234234234,0.40703517587939697,0.5846153846153846,0.34234234234234234,0.4318181818181819
0.45544539199071116,116,81,217,118,0.3483483483483483,0.40703517587939697,0.5888324873096447,0.3483483483483483,0.43773584905660373
0.4554208003607576,117,81,216,118,0.35135135135135137,0.40703517587939697,0.5909090909090909,0.35135135135135137,0.4406779661016949
0.45494631487986426,117,82,216,117,0.35135135135135137,0.4120603015075377,0.5879396984924623,0.35135135135135137,0.4398496240601504
0.45471261194470874,117,83,216,116,0.35135135135135137,0.41708542713567837,0.585,0.35135135135135137,0.4390243902439025
0.4542362774209897,118,83,215,116,0.35435435435435436,0.41708542713567837,0.5870646766169154,0.35435435435435436,0.4419475655430712
0.4542351218508336,118,84,215,115,0.35435435435435436,0.4221105527638191,0.5841584158415841,0.35435435435435436,0.44112149532710276
0.4539922140752316,119,84,214,115,0.35735735735735735,0.4221105527638191,0.5862068965517241,0.35735735735735735,0.44402985074626866
0.45381786966606985,120,84,213,115,0.36036036036036034,0.4221105527638191,0.5882352941176471,0.36036036036036034,0.446927374301676
0.45371818491805876,120,85,213,114,0.36036036036036034,0.4271356783919598,0.5853658536585366,0.36036036036036034,0.4460966542750929
0.45338176620439147,120,86,213,113,0.36036036036036034,0.4321608040201005,0.5825242718446602,0.36036036036036034,0.4452690166975881
0.45330380474822485,121,86,212,113,0.3633633633633634,0.4321608040201005,0.5845410628019324,0.3633633633633634,0.4481481481481482
0.45286471398072226,122,86,211,113,0.3663663663663664,0.4321608040201005,0.5865384615384616,0.3663663663663664,0.4510166358595194
0.4527723220719329,123,86,210,113,0.36936936936936937,0.4321608040201005,0.5885167464114832,0.36936936936936937,0.45387453874538747
0.45149350430609747,124,86,209,113,0.37237237237237236,0.4321608040201005,0.5904761904761905,0.37237237237237236,0.45672191528545125
0.45129597193068366,125,86,208,113,0.37537537537537535,0.4321608040201005,0.5924170616113744,0.37537537537537535,0.45955882352941174
0.4512597034237988,126,86,207,113,0.3783783783783784,0.4321608040201005,0.5943396226415094,0.3783783783783784,0.46238532110091746
0.4511502723136771,127,86,206,113,0.3813813813813814,0.4321608040201005,0.596244131455399,0.3813813813813814,0.4652014652014652
0.4507681252097758,127,87,206,112,0.3813813813813814,0.4371859296482412,0.5934579439252337,0.3813813813813814,0.46435100548446073
0.4501865770861679,127,88,206,111,0.3813813813813814,0.44221105527638194,0.5906976744186047,0.3813813813813814,0.4635036496350365
0.4500459805612805,128,88,205,111,0.3843843843843844,0.44221105527638194,0.5925925925925926,0.3843843843843844,0.4663023679417122
0.4500318053182842,129,88,204,111,0.38738738738738737,0.44221105527638194,0.5944700460829493,0.38738738738738737,0.46909090909090906
0.45001913950178934,130,88,203,111,0.39039039039039036,0.44221105527638194,0.5963302752293578,0.39039039039039036,0.4718693284936479
0.4498136058782298,131,88,202,111,0.3933933933933934,0.44221105527638194,0.5981735159817352,0.3933933933933934,0.47463768115942034
0.4495560558907136,132,88,201,111,0.3963963963963964,0.44221105527638194,0.6,0.3963963963963964,0.4773960216998191
0.4494835459705201,133,88,200,111,0.3993993993993994,0.44221105527638194,0.6018099547511312,0.3993993993993994,0.48014440433213
0.44943186546570363,135,88,198,111,0.40540540540540543,0.44221105527638194,0.6053811659192825,0.40540540540540543,0.4856115107913669
0.4490975037458224,135,89,198,110,0.40540540540540543,0.4472361809045226,0.6026785714285714,0.40540540540540543,0.4847396768402154
0.44899944711525425,136,89,197,110,0.4084084084084084,0.4472361809045226,0.6044444444444445,0.4084084084084084,0.4874551971326165
0.44846598783192165,136,90,197,109,0.4084084084084084,0.45226130653266333,0.6017699115044248,0.4084084084084084,0.48658318425760283
0.4482182786680879,137,90,196,109,0.4114114114114114,0.45226130653266333,0.6035242290748899,0.4114114114114114,0.4892857142857143
0.44820214564484495,138,90,195,109,0.4144144144144144,0.45226130653266333,0.6052631578947368,0.4144144144144144,0.49197860962566836
0.44753746288457275,138,91,195,108,0.4144144144144144,0.457286432160804,0.6026200873362445,0.4144144144144144,0.491103202846975
0.44710994386160074,138,92,195,107,0.4144144144144144,0.4623115577889447,0.6,0.4144144144144144,0.4902309058614565
0.44707921698406916,138,93,195,106,0.4144144144144144,0.46733668341708545,0.5974025974025974,0.4144144144144144,0.48936170212765956
0.44606476518381744,138,94,195,105,0.4144144144144144,0.4723618090452261,0.5948275862068966,0.4144144144144144,0.48849557522123893
0.44586115187591396,138,95,195,104,0.4144144144144144,0.47738693467336685,0.592274678111588,0.4144144144144144,0.48763250883392223
0.4455934369082585,138,96,195,103,0.4144144144144144,0.4824120603015075,0.5897435897435898,0.4144144144144144,0.4867724867724868
0.4453867969864387,138,97,195,102,0.4144144144144144,0.48743718592964824,0.5872340425531914,0.4144144144144144,0.4859154929577465
0.4453817307103108,138,98,195,101,0.4144144144144144,0.49246231155778897,0.5847457627118644,0.4144144144144144,0.4850615114235501
0.44524742719550475,138,99,195,100,0.4144144144144144,0.49748743718592964,0.5822784810126582,0.4144144144144144,0.4842105263157895
0.4452226090728162,139,99,194,100,0.4174174174174174,0.49748743718592964,0.5840336134453782,0.4174174174174174,0.4868651488616463
0.44504531318394086,139,100,194,99,0.4174174174174174,0.5025125628140703,0.5815899581589958,0.4174174174174174,0.48601398601398593
0.4450201798890722,140,100,193,99,0.42042042042042044,0.5025125628140703,0.5833333333333334,0.42042042042042044,0.48865619546247824
0.4449592797058995,140,101,193,98,0.42042042042042044,0.507537688442211,0.5809128630705395,0.42042042042042044,0.48780487804878053
0.44435270289779133,140,102,193,97,0.42042042042042044,0.5125628140703518,0.5785123966942148,0.42042042042042044,0.48695652173913045
0.4442969953989171,140,104,193,95,0.42042042042042044,0.5226130653266332,0.5737704918032787,0.42042042042042044,0.4852686308492201
0.44424410815669474,141,104,192,95,0.42342342342342343,0.5226130653266332,0.5755102040816327,0.42342342342342343,0.4878892733564014
0.44361698983904596,143,104,190,95,0.4294294294294294,0.5226130653266332,0.5789473684210527,0.4294294294294294,0.49310344827586206
0.44315258935673946,144,104,189,95,0.43243243243243246,0.5226130653266332,0.5806451612903226,0.43243243243243246,0.49569707401032714
0.4430583445026776,145,104,188,95,0.43543543543543545,0.5226130653266332,0.5823293172690763,0.43543543543543545,0.49828178694158076
0.44255682100507815,145,105,188,94,0.43543543543543545,0.5276381909547738,0.58,0.43543543543543545,0.4974271012006861
0.4422755160725374,145,106,188,93,0.43543543543543545,0.5326633165829145,0.5776892430278885,0.43543543543543545,0.4965753424657535
0.44209861200261685,145,107,188,92,0.43543543543543545,0.5376884422110553,0.5753968253968254,0.43543543543543545,0.4957264957264957
0.44174295451453355,146,107,187,92,0.43843843843843844,0.5376884422110553,0.5770750988142292,0.43843843843843844,0.49829351535836186
0.441737141393392,147,107,186,92,0.44144144144144143,0.5376884422110553,0.5787401574803149,0.44144144144144143,0.5008517887563884
0.4416352574121556,147,108,186,91,0.44144144144144143,0.542713567839196,0.5764705882352941,0.44144144144144143,0.5
0.44122866927627347,148,108,185,91,0.4444444444444444,0.542713567839196,0.578125,0.4444444444444444,0.5025466893039049
0.44103300574682297,149,108,184,91,0.44744744744744747,0.542713567839196,0.5797665369649806,0.44744744744744747,0.5050847457627119
0.4408404649136575,150,108,183,91,0.45045045045045046,0.542713567839196,0.5813953488372093,0.45045045045045046,0.5076142131979695
0.44052460264170606,150,109,183,90,0.45045045045045046,0.5477386934673367,0.5791505791505791,0.45045045045045046,0.5067567567567567
0.44022020790909844,150,110,183,89,0.45045045045045046,0.5527638190954773,0.5769230769230769,0.45045045045045046,0.505902192242833
0.4401504855647805,151,110,182,89,0.45345345345345345,0.5527638190954773,0.578544061302682,0.45345345345345345,0.5084175084175083
0.439860092799484,151,111,182,88,0.45345345345345345,0.5577889447236181,0.5763358778625954,0.45345345345345345,0.5075630252100841
0.43953699471531227,151,112,182,87,0.45345345345345345,0.5628140703517588,0.5741444866920152,0.45345345345345345,0.5067114093959731
0.4393945312986888,151,113,182,86,0.45345345345345345,0.5678391959798995,0.571969696969697,0.45345345345345345,0.5058626465661643
0.43899834787777037,152,113,181,86,0.45645645645645644,0.5678391959798995,0.5735849056603773,0.45645645645645644,0.5083612040133779
0.43896194666727506,152,114,181,85,0.45645645645645644,0.5728643216080402,0.5714285714285714,0.45645645645645644,0.5075125208681135
0.43878595168731005,153,114,180,85,0.4594594594594595,0.5728643216080402,0.5730337078651685,0.4594594594594595,0.5099999999999999
0.43875575599546474,153,115,180,84,0.4594594594594595,0.5778894472361809,0.5708955223880597,0.4594594594594595,0.5091514143094842
0.43862950874290174,154,115,179,84,0.4624624624624625,0.5778894472361809,0.5724907063197026,0.4624624624624625,0.5116279069767442
0.43849586500917037,155,115,178,84,0.46546546546546547,0.5778894472361809,0.5740740740740741,0.46546546546546547,0.5140961857379768
0.43838575341591823,155,116,178,83,0.46546546546546547,0.5829145728643216,0.5719557195571956,0.46546546546546547,0.5132450331125828
0.4381586096051337,155,117,178,82,0.46546546546546547,0.5879396984924623,0.5698529411764706,0.46546546546546547,0.512396694214876
0.4380007069580796,156,117,177,82,0.46846846846846846,0.5879396984924623,0.5714285714285714,0.46846846846846846,0.514851485148515
0.43792364688374885,157,117,176,82,0.47147147147147145,0.5879396984924623,0.572992700729927,0.47147147147147145,0.5172981878088962
0.43778699680776134,158,117,175,82,0.4744744744744745,0.5879396984924623,0.5745454545454546,0.4744744744744745,0.5197368421052632
0.43695757836301735,159,117,174,82,0.4774774774774775,0.5879396984924623,0.5760869565217391,0.4774774774774775,0.522167487684729
0.43690271470117203,160,117,173,82,0.4804804804804805,0.5879396984924623,0.5776173285198556,0.4804804804804805,0.5245901639344261
0.4361707141726818,161,117,172,82,0.48348348348348347,0.5879396984924623,0.579136690647482,0.48348348348348347,0.5270049099836333
0.4361602799302384,161,118,172,81,0.48348348348348347,0.592964824120603,0.5770609318996416,0.48348348348348347,0.5261437908496732
0.4357688712869051,162,118,171,81,0.4864864864864865,0.592964824120603,0.5785714285714286,0.4864864864864865,0.5285481239804242
0.4355575033320077,162,119,171,80,0.4864864864864865,0.5979899497487438,0.5765124555160143,0.4864864864864865,0.5276872964169381
0.4348337546066528,162,120,171,79,0.4864864864864865,0.6030150753768844,0.574468085106383,0.4864864864864865,0.5268292682926828
0.4347895362838427,163,120,170,79,0.4894894894894895,0.6030150753768844,0.5759717314487632,0.4894894894894895,0.5292207792207791
0.43419668378589843,164,120,169,79,0.4924924924924925,0.6030150753768844,0.5774647887323944,0.4924924924924925,0.5316045380875202
0.43411861833843834,164,121,169,78,0.4924924924924925,0.6080402010050251,0.5754385964912281,0.4924924924924925,0.5307443365695793
0.4338838442601829,164,122,169,77,0.4924924924924925,0.6130653266331658,0.5734265734265734,0.4924924924924925,0.5298869143780292
0.43387363803922446,165,122,168,77,0.4954954954954955,0.6130653266331658,0.5749128919860628,0.4954954954954955,0.532258064516129
0.4335482290337215,166,122,167,77,0.4984984984984985,0.6130653266331658,0.5763888888888888,0.4984984984984985,0.5346215780998389
0.43320258453977106,167,122,166,77,0.5015015015015015,0.6130653266331658,0.5778546712802768,0.5015015015015015,0.5369774919614148
0.43261109567364814,167,123,166,76,0.5015015015015015,0.6180904522613065,0.5758620689655173,0.5015015015015015,0.536115569823435
0.43228280738085145,168,123,165,76,0.5045045045045045,0.6180904522613065,0.5773195876288659,0.5045045045045045,0.5384615384615384
0.43222567410312834,169,123,164,76,0.5075075075075075,0.6180904522613065,0.5787671232876712,0.5075075075075075,0.5408
0.43218754431134404,170,123,163,76,0.5105105105105106,0.6180904522613065,0.5802047781569966,0.5105105105105106,0.5431309904153354
0.43192785876522294,171,123,162,76,0.5135135135135135,0.6180904522613065,0.5816326530612245,0.5135135135135135,0.5454545454545454
0.43171957083188683,172,123,161,76,0.5165165165165165,0.6180904522613065,0.5830508474576271,0.5165165165165165,0.5477707006369427
0.43056469577277373,172,124,161,75,0.5165165165165165,0.6231155778894473,0.581081081081081,0.5165165165165165,0.5468998410174881
0.43002630398394925,174,124,159,75,0.5225225225225225,0.6231155778894473,0.5838926174496645,0.5225225225225225,0.5515055467511887
0.4299822950700463,175,124,158,75,0.5255255255255256,0.6231155778894473,0.5852842809364549,0.5255255255255256,0.5537974683544304
0.42944924979651167,176,124,157,75,0.5285285285285285,0.6231155778894473,0.5866666666666667,0.5285285285285285,0.5560821484992101
0.42932249208627093,177,124,156,75,0.5315315315315315,0.6231155778894473,0.5880398671096345,0.5315315315315315,0.5583596214511041
0.4293192612706529,178,124,155,75,0.5345345345345346,0.6231155778894473,0.5894039735099338,0.5345345345345346,0.5606299212598426
0.4292492331379301,178,125,155,74,0.5345345345345346,0.628140703517588,0.5874587458745875,0.5345345345345346,0.5597484276729561
0.42879936688104175,179,125,154,74,0.5375375375375375,0.628140703517588,0.5888157894736842,0.5375375375375375,0.5620094191522763
0.42844549305631213,180,125,153,74,0.5405405405405406,0.628140703517588,0.5901639344262295,0.5405405405405406,0.5642633228840125
0.4279171191158425,181,125,152,74,0.5435435435435435,0.628140703517588,0.5915032679738562,0.5435435435435435,0.5665101721439749
0.4276893402000503,182,125,151,74,0.5465465465465466,0.628140703517588,0.5928338762214984,0.5465465465465466,0.56875
0.42764653496003735,182,126,151,73,0.5465465465465466,0.6331658291457286,0.5909090909090909,0.5465465465465466,0.5678627145085804
0.42741053714135513,183,126,150,73,0.5495495495495496,0.6331658291457286,0.5922330097087378,0.5495495495495496,0.5700934579439253
0.4271376109318813,184,126,149,73,0.5525525525525525,0.6331658291457286,0.5935483870967742,0.5525525525525525,0.572317262830482
0.4270619322969273,185,126,148,73,0.5555555555555556,0.6331658291457286,0.594855305466238,0.5555555555555556,0.5745341614906833
0.4269985275597009,185,127,148,72,0.5555555555555556,0.6381909547738693,0.592948717948718,0.5555555555555556,0.5736434108527133
0.4268762982573082,185,128,148,71,0.5555555555555556,0.6432160804020101,0.5910543130990416,0.5555555555555556,0.5727554179566564
0.42657871145080783,186,128,147,71,0.5585585585585585,0.6432160804020101,0.5923566878980892,0.5585585585585585,0.5749613601236476
0.4264255363326848,187,128,146,71,0.5615615615615616,0.6432160804020101,0.5936507936507937,0.5615615615615616,0.5771604938271605
0.42637442358499766,187,129,146,70,0.5615615615615616,0.6482412060301508,0.5917721518987342,0.5615615615615616,0.5762711864406781
0.4259500945793536,188,129,145,70,0.5645645645645646,0.6482412060301508,0.5930599369085173,0.5645645645645646,0.5784615384615385
0.4257502498507606,189,129,144,70,0.5675675675675675,0.6482412060301508,0.5943396226415094,0.5675675675675675,0.5806451612903226
0.425737582417893,189,130,144,69,0.5675675675675675,0.6532663316582915,0.5924764890282131,0.5675675675675675,0.579754601226994
0.42535519399970495,191,130,142,69,0.5735735735735735,0.6532663316582915,0.5950155763239875,0.5735735735735735,0.5840978593272171
0.4252487558492487,192,130,141,69,0.5765765765765766,0.6532663316582915,0.5962732919254659,0.5765765765765766,0.5862595419847327
0.4248743472022596,193,130,140,69,0.5795795795795796,0.6532663316582915,0.5975232198142415,0.5795795795795796,0.5884146341463415
0.42485068681615457,194,130,139,69,0.5825825825825826,0.6532663316582915,0.5987654320987654,0.5825825825825826,0.5905631659056316
0.4247431372976577,195,130,138,69,0.5855855855855856,0.6532663316582915,0.6,0.5855855855855856,0.5927051671732524
0.4244309547149325,195,131,138,68,0.5855855855855856,0.6582914572864321,0.598159509202454,0.5855855855855856,0.5918057663125947
0.4241681427540946,196,131,137,68,0.5885885885885885,0.6582914572864321,0.599388379204893,0.5885885885885885,0.5939393939393939
0.42400733430551973,196,132,137,67,0.5885885885885885,0.6633165829145728,0.5975609756097561,0.5885885885885885,0.5930408472012103
0.423923588904528,197,132,136,67,0.5915915915915916,0.6633165829145728,0.5987841945288754,0.5915915915915916,0.5951661631419941
0.4237797429630449,198,132,135,67,0.5945945945945946,0.6633165829145728,0.6,0.5945945945945946,0.5972850678733032
0.4237720442210721,198,133,135,66,0.5945945945945946,0.6683417085427136,0.5981873111782477,0.5945945945945946,0.5963855421686747
0.42368435925942033,199,133,134,66,0.5975975975975976,0.6683417085427136,0.5993975903614458,0.5975975975975976,0.5984962406015039
0.42367473700767927,200,133,133,66,0.6006006006006006,0.6683417085427136,0.6006006006006006,0.6006006006006006,0.6006006006006006
0.42362046930099734,200,134,133,65,0.6006006006006006,0.6733668341708543,0.5988023952095808,0.6006006006006006,0.5997001499250374
0.4230574949055379,201,134,132,65,0.6036036036036037,0.6733668341708543,0.6,0.6036036036036037,0.6017964071856287
0.4229016752393487,202,134,131,65,0.6066066066066066,0.6733668341708543,0.6011904761904762,0.6066066066066066,0.6038863976083707
0.4228184307466284,203,134,130,65,0.6096096096096096,0.6733668341708543,0.6023738872403561,0.6096096096096096,0.6059701492537314
0.4226883137991838,204,134,129,65,0.6126126126126126,0.6733668341708543,0.6035502958579881,0.6126126126126126,0.6080476900149031
0.42232094428929634,205,134,128,65,0.6156156156156156,0.6733668341708543,0.6047197640117994,0.6156156156156156,0.6101190476190476
0.4220807027229598,205,135,128,64,0.6156156156156156,0.678391959798995,0.6029411764705882,0.6156156156156156,0.6092124814264488
0.42188453419007754,206,135,127,64,0.6186186186186187,0.678391959798995,0.6041055718475073,0.6186186186186187,0.6112759643916915
0.4218490172887449,207,135,126,64,0.6216216216216216,0.678391959798995,0.6052631578947368,0.6216216216216216,0.6133333333333333
0.4214611493643721,208,135,125,64,0.6246246246246246,0.678391959798995,0.6064139941690962,0.6246246246246246,0.6153846153846153
0.4213428079547524,208,136,125,63,0.6246246246246246,0.6834170854271356,0.6046511627906976,0.6246246246246246,0.6144756277695718
0.42119113722166934,209,136,124,63,0.6276276276276276,0.6834170854271356,0.6057971014492753,0.6276276276276276,0.6165191740412979
0.42085660277948816,210,136,123,63,0.6306306306306306,0.6834170854271356,0.6069364161849711,0.6306306306306306,0.6185567010309279
0.4208463724963303,210,137,123,62,0.6306306306306306,0.6884422110552764,0.6051873198847262,0.6306306306306306,0.6176470588235294
0.4208010280731754,211,137,122,62,0.6336336336336337,0.6884422110552764,0.6063218390804598,0.6336336336336337,0.6196769456681351
0.41981386395690967,211,138,122,61,0.6336336336336337,0.6934673366834171,0.6045845272206304,0.6336336336336337,0.6187683284457479
0.4196589256623064,211,139,122,60,0.6336336336336337,0.6984924623115578,0.6028571428571429,0.6336336336336337,0.6178623718887263
0.41947861717877466,212,139,121,60,0.6366366366366366,0.6984924623115578,0.603988603988604,0.6366366366366366,0.6198830409356725
0.41921105441696066,212,140,121,59,0.6366366366366366,0.7035175879396985,0.6022727272727273,0.6366366366366366,0.618978102189781
0.41916239549799156,212,141,121,58,0.6366366366366366,0.7085427135678392,0.6005665722379604,0.6366366366366366,0.6180758017492711
0.41909619266185183,212,142,121,57,0.6366366366366366,0.7135678391959799,0.5988700564971752,0.6366366366366366,0.6171761280931587
0.4190919264173793,213,142,120,57,0.6396396396396397,0.7135678391959799,0.6,0.6396396396396397,0.6191860465116279
0.41900602017328376,214,142,119,57,0.6426426426426426,0.7135678391959799,0.601123595505618,0.6426426426426426,0.6211901306240929
0.41872566636008907,214,143,119,56,0.6426426426426426,0.7185929648241206,0.5994397759103641,0.6426426426426426,0.6202898550724637
0.41822084495392997,214,144,119,55,0.6426426426426426,0.7236180904522613,0.5977653631284916,0.6426426426426426,0.6193921852387844
0.4180366691958401,215,144,118,55,0.6456456456456456,0.7236180904522613,0.5988857938718662,0.6456456456456456,0.6213872832369941
0.4176336498468445,216,144,117,55,0.6486486486486487,0.7236180904522613,0.6,0.6486486486486487,0.6233766233766234
0.41755610097712065,217,144,116,55,0.6516516516516516,0.7236180904522613,0.6011080332409973,0.6516516516516516,0.6253602305475504
0.41736776869794945,218,144,115,55,0.6546546546546547,0.7236180904522613,0.6022099447513812,0.6546546546546547,0.6273381294964029
0.4171413882913583,219,144,114,55,0.6576576576576577,0.7236180904522613,0.6033057851239669,0.6576576576576577,0.6293103448275863
0.41704787972794466,219,145,114,54,0.6576576576576577,0.7286432160804021,0.6016483516483516,0.6576576576576577,0.6284074605451937
0.41696022437467917,220,145,113,54,0.6606606606606606,0.7286432160804021,0.6027397260273972,0.6606606606606606,0.6303724928366762
0.4169386340165506,220,146,113,53,0.6606606606606606,0.7336683417085427,0.6010928961748634,0.6606606606606606,0.6294706723891274
0.4168122592388285,220,147,113,52,0.6606606606606606,0.7386934673366834,0.5994550408719346,0.6606606606606606,0.6285714285714286
0.41669981955892066,221,147,112,52,0.6636636636636637,0.7386934673366834,0.6005434782608695,0.6636636636636637,0.6305278174037089
0.4166571064611334,222,147,111,52,0.6666666666666666,0.7386934673366834,0.6016260162601627,0.6666666666666666,0.6324786324786325
0.4164597557347201,223,147,110,52,0.6696696696696697,0.7386934673366834,0.6027027027027027,0.6696696696696697,0.6344238975817923
0.4164537165001723,224,147,109,52,0.6726726726726727,0.7386934673366834,0.6037735849056604,0.6726726726726727,0.6363636363636364
0.41643108565703396,224,148,109,51,0.6726726726726727,0.7437185929648241,0.6021505376344086,0.6726726726726727,0.6354609929078014
0.4163280108694896,224,149,109,50,0.6726726726726727,0.7487437185929648,0.6005361930294906,0.6726726726726727,0.6345609065155807
0.4158647484389126,224,150,109,49,0.6726726726726727,0.7537688442211056,0.5989304812834224,0.6726726726726727,0.6336633663366336
0.4157347019365957,225,150,108,49,0.6756756756756757,0.7537688442211056,0.6,0.6756756756756757,0.635593220338983
0.4153832029684648,226,150,107,49,0.6786786786786787,0.7537688442211056,0.601063829787234,0.6786786786786787,0.6375176304654443
0.41530758430110515,227,150,106,49,0.6816816816816816,0.7537688442211056,0.6021220159151194,0.6816816816816816,0.6394366197183099
0.41505031532964054,227,151,106,48,0.6816816816816816,0.7587939698492462,0.6005291005291006,0.6816816816816816,0.6385372714486638
0.4149352668755906,228,151,105,48,0.6846846846846847,0.7587939698492462,0.6015831134564644,0.6846846846846847,0.6404494382022472
0.41466173262184985,229,151,104,48,0.6876876876876877,0.7587939698492462,0.6026315789473684,0.6876876876876877,0.6423562412342217
0.4143149593579231,230,151,103,48,0.6906906906906907,0.7587939698492462,0.6036745406824147,0.6906906906906907,0.6442577030812324
0.4141963862510335,231,151,102,48,0.6936936936936937,0.7587939698492462,0.6047120418848168,0.6936936936936937,0.6461538461538463
0.41413275197191846,232,151,101,48,0.6966966966966966,0.7587939698492462,0.6057441253263708,0.6966966966966966,0.6480446927374302
0.41374309651510904,233,151,100,48,0.6996996996996997,0.7587939698492462,0.6067708333333334,0.6996996996996997,0.6499302649930265
0.41363315968438075,234,151,99,48,0.7027027027027027,0.7587939698492462,0.6077922077922078,0.7027027027027027,0.6518105849582173
0.4134716913531206,234,152,99,47,0.7027027027027027,0.7638190954773869,0.6062176165803109,0.7027027027027027,0.650904033379694
0.41342431737644264,234,153,99,46,0.7027027027027027,0.7688442211055276,0.6046511627906976,0.7027027027027027,0.6499999999999999
0.4129542762179328,235,153,98,46,0.7057057057057057,0.7688442211055276,0.6056701030927835,0.7057057057057057,0.6518723994452149
0.41277170221845333,236,153,97,46,0.7087087087087087,0.7688442211055276,0.6066838046272494,0.7087087087087087,0.6537396121883656
0.41266666355210996,237,153,96,46,0.7117117117117117,0.7688442211055276,0.6076923076923076,0.7117117117117117,0.6556016597510373
0.4126281793930632,237,154,96,45,0.7117117117117117,0.7738693467336684,0.6061381074168798,0.7117117117117117,0.654696132596685
0.4125511809935543,237,155,96,44,0.7117117117117117,0.7788944723618091,0.6045918367346939,0.7117117117117117,0.6537931034482758
0.4124049954426617,238,155,95,44,0.7147147147147147,0.7788944723618091,0.6055979643765903,0.7147147147147147,0.6556473829201103
0.4123023342252418,240,155,93,44,0.7207207207207207,0.7788944723618091,0.6075949367088608,0.7207207207207207,0.6593406593406593
0.41219662831160603,240,156,93,43,0.7207207207207207,0.7839195979899497,0.6060606060606061,0.7207207207207207,0.6584362139917694
0.4119422489419245,241,156,92,43,0.7237237237237237,0.7839195979899497,0.6070528967254408,0.7237237237237237,0.6602739726027397
0.41177999622778555,242,156,91,43,0.7267267267267268,0.7839195979899497,0.6080402010050251,0.7267267267267268,0.6621067031463748
0.4116283710157785,242,157,91,42,0.7267267267267268,0.7889447236180904,0.606516290726817,0.7267267267267268,0.6612021857923497
0.41145282634537206,242,158,91,41,0.7267267267267268,0.7939698492462312,0.605,0.7267267267267268,0.660300136425648
0.4105676337885708,243,158,90,41,0.7297297297297297,0.7939698492462312,0.6059850374064838,0.7297297297297297,0.662125340599455
0.41056627684028696,244,158,89,41,0.7327327327327328,0.7939698492462312,0.6069651741293532,0.7327327327327328,0.6639455782312925
0.410078757077434,245,158,88,41,0.7357357357357357,0.7939698492462312,0.607940446650124,0.7357357357357357,0.6657608695652174
0.40999679511049886,246,158,87,41,0.7387387387387387,0.7939698492462312,0.6089108910891089,0.7387387387387387,0.6675712347354138
0.4097897294125363,246,159,87,40,0.7387387387387387,0.7989949748743719,0.6074074074074074,0.7387387387387387,0.6666666666666666
0.4094685138126547,247,159,86,40,0.7417417417417418,0.7989949748743719,0.6083743842364532,0.7417417417417418,0.668470906630582
0.4092949309691196,247,160,86,39,0.7417417417417418,0.8040201005025126,0.6068796068796068,0.7417417417417418,0.6675675675675675
0.40918238092300663,248,160,85,39,0.7447447447447447,0.8040201005025126,0.6078431372549019,0.7447447447447447,0.6693657219973009
0.4088948263622087,249,160,84,39,0.7477477477477478,0.8040201005025126,0.60880195599022,0.7477477477477478,0.6711590296495957
0.40869297177141123,250,160,83,39,0.7507507507507507,0.8040201005025126,0.6097560975609756,0.7507507507507507,0.6729475100942126
0.40863122501446714,251,160,82,39,0.7537537537537538,0.8040201005025126,0.610705596107056,0.7537537537537538,0.6747311827956989
0.40862341283582443,251,161,82,38,0.7537537537537538,0.8090452261306532,0.6092233009708737,0.7537537537537538,0.6738255033557047
0.40839204470309975,251,162,82,37,0.7537537537537538,0.8140703517587939,0.6077481840193705,0.7537537537537538,0.6729222520107239
0.40816025697144526,252,162,81,37,0.7567567567567568,0.8140703517587939,0.6086956521739131,0.7567567567567568,0.674698795180723
0.4081568449684052,253,162,80,37,0.7597597597597597,0.8140703517587939,0.6096385542168675,0.7597597597597597,0.6764705882352942
0.40804408629481986,254,162,79,37,0.7627627627627628,0.8140703517587939,0.6105769230769231,0.7627627627627628,0.678237650200267
0.4076327974250038,254,163,79,36,0.7627627627627628,0.8190954773869347,0.6091127098321343,0.7627627627627628,0.6773333333333332
0.4075687812107984,255,163,78,36,0.7657657657657657,0.8190954773869347,0.6100478468899522,0.7657657657657657,0.6790945406125166
0.4074989020418224,256,163,77,36,0.7687687687687688,0.8190954773869347,0.6109785202863962,0.7687687687687688,0.6808510638297872
0.40749564178298325,257,163,76,36,0.7717717717717718,0.8190954773869347,0.611904761904762,0.7717717717717718,0.6826029216467464
0.40749062479493536,257,164,76,35,0.7717717717717718,0.8241206030150754,0.6104513064133017,0.7717717717717718,0.6816976127320955
0.4072660612743726,257,165,76,34,0.7717717717717718,0.8291457286432161,0.6090047393364929,0.7717717717717718,0.6807947019867551
0.4072446872967952,258,165,75,34,0.7747747747747747,0.8291457286432161,0.6099290780141844,0.7747747747747747,0.6825396825396826
0.4068562205601741,258,166,75,33,0.7747747747747747,0.8341708542713567,0.6084905660377359,0.7747747747747747,0.6816380449141347
0.4068256149003929,259,166,74,33,0.7777777777777778,0.8341708542713567,0.6094117647058823,0.7777777777777778,0.6833773087071241
0.4067214537848642,260,166,73,33,0.7807807807807807,0.8341708542713567,0.6103286384976526,0.7807807807807807,0.6851119894598156
0.40667378159722706,261,166,72,33,0.7837837837837838,0.8341708542713567,0.6112412177985949,0.7837837837837838,0.6868421052631579
0.40650059797637883,261,167,72,32,0.7837837837837838,0.8391959798994975,0.6098130841121495,0.7837837837837838,0.685939553219448
0.4060740837666958,261,168,72,31,0.7837837837837838,0.8442211055276382,0.6083916083916084,0.7837837837837838,0.6850393700787402
0.40582016965956785,262,168,71,31,0.7867867867867868,0.8442211055276382,0.6093023255813953,0.7867867867867868,0.6867627785058977
0.4057567620327485,262,169,71,30,0.7867867867867868,0.8492462311557789,0.6078886310904872,0.7867867867867868,0.6858638743455497
0.40571676766603076,263,169,70,30,0.7897897897897898,0.8492462311557789,0.6087962962962963,0.7897897897897898,0.6875816993464052
0.4056369679964456,263,170,70,29,0.7897897897897898,0.8542713567839196,0.6073903002309469,0.7897897897897898,0.6866840731070496
0.4055928822446867,263,171,70,28,0.7897897897897898,0.8592964824120602,0.6059907834101382,0.7897897897897898,0.6857887874837028
0.405583921191619,263,172,70,27,0.7897897897897898,0.864321608040201,0.6045977011494252,0.7897897897897898,0.6848958333333333
0.40543494793994134,264,172,69,27,0.7927927927927928,0.864321608040201,0.6055045871559633,0.7927927927927928,0.6866059817945384
0.405245359337322,264,173,69,26,0.7927927927927928,0.8693467336683417,0.6041189931350115,0.7927927927927928,0.6857142857142857
0.4051769364087338,265,173,68,26,0.7957957957957958,0.8693467336683417,0.6050228310502284,0.7957957957957958,0.6874189364461739
0.4051612055737162,266,173,67,26,0.7987987987987988,0.8693467336683417,0.6059225512528473,0.7987987987987988,0.6891191709844559
0.4051572034775984,266,174,67,25,0.7987987987987988,0.8743718592964824,0.6045454545454545,0.7987987987987988,0.6882276843467011
0.4047522277943768,267,174,66,25,0.8018018018018018,0.8743718592964824,0.6054421768707483,0.8018018018018018,0.689922480620155
0.404751117910489,268,174,65,25,0.8048048048048048,0.8743718592964824,0.6063348416289592,0.8048048048048048,0.6916129032258065
0.40474224817396653,268,175,65,24,0.8048048048048048,0.8793969849246231,0.6049661399548533,0.8048048048048048,0.6907216494845361
0.40465467259087523,268,176,65,23,0.8048048048048048,0.8844221105527639,0.6036036036036037,0.8048048048048048,0.6898326898326897
0.4046479362319815,269,176,64,23,0.8078078078078078,0.8844221105527639,0.604494382022472,0.8078078078078078,0.6915167095115681
0.40464318092527435,269,177,64,22,0.8078078078078078,0.8894472361809045,0.6031390134529148,0.8078078078078078,0.6906290115532734
0.4044875440792456,269,178,64,21,0.8078078078078078,0.8944723618090452,0.6017897091722595,0.8078078078078078,0.6897435897435897
0.4043284925402524,269,179,64,20,0.8078078078078078,0.8994974874371859,0.6004464285714286,0.8078078078078078,0.6888604353393085
0.40427120189598736,269,180,64,19,0.8078078078078078,0.9045226130653267,0.5991091314031181,0.8078078078078078,0.6879795396419438
0.4041980995302602,270,180,63,19,0.8108108108108109,0.9045226130653267,0.6,0.8108108108108109,0.6896551724137931
0.40411302110590147,271,180,62,19,0.8138138138138138,0.9045226130653267,0.6008869179600886,0.8138138138138138,0.6913265306122448
0.40409319715661024,271,181,62,18,0.8138138138138138,0.9095477386934674,0.5995575221238938,0.8138138138138138,0.6904458598726114
0.4039443304004164,272,181,61,18,0.8168168168168168,0.9095477386934674,0.6004415011037527,0.8168168168168168,0.6921119592875318
0.4037515419319717,273,181,60,18,0.8198198198198198,0.9095477386934674,0.6013215859030837,0.8198198198198198,0.6937738246505718
0.4036367051495257,274,181,59,18,0.8228228228228228,0.9095477386934674,0.6021978021978022,0.8228228228228228,0.6954314720812182
0.4036071020011132,275,181,58,18,0.8258258258258259,0.9095477386934674,0.6030701754385965,0.8258258258258259,0.6970849176172371
0.40360514643911627,276,181,57,18,0.8288288288288288,0.9095477386934674,0.6039387308533917,0.8288288288288288,0.6987341772151898
0.4035979318113721,277,181,56,18,0.8318318318318318,0.9095477386934674,0.6048034934497817,0.8318318318318318,0.7003792667509482
0.40329375818024327,278,181,55,18,0.8348348348348348,0.9095477386934674,0.6056644880174292,0.8348348348348348,0.702020202020202
0.40300989938117754,278,182,55,17,0.8348348348348348,0.914572864321608,0.6043478260869565,0.8348348348348348,0.7011349306431274
0.402810319536387,279,182,54,17,0.8378378378378378,0.914572864321608,0.6052060737527115,0.8378378378378378,0.7027707808564232
0.40275051874176115,280,182,53,17,0.8408408408408409,0.914572864321608,0.6060606060606061,0.8408408408408409,0.7044025157232704
0.4026015583834405,280,183,53,16,0.8408408408408409,0.9195979899497487,0.6047516198704104,0.8408408408408409,0.7035175879396984
0.40247460183864975,280,184,53,15,0.8408408408408409,0.9246231155778895,0.603448275862069,0.8408408408408409,0.7026348808030113
0.4024250977783377,281,184,52,15,0.8438438438438438,0.9246231155778895,0.6043010752688172,0.8438438438438438,0.7042606516290727
0.4020869075952651,282,184,51,15,0.8468468468468469,0.9246231155778895,0.6051502145922747,0.8468468468468469,0.7058823529411765
0.40207772376280887,283,184,50,15,0.8498498498498499,0.9246231155778895,0.6059957173447538,0.8498498498498499,0.7075
0.4020645216444559,284,184,49,15,0.8528528528528528,0.9246231155778895,0.6068376068376068,0.8528528528528528,0.7091136079900124
0.4019977733955537,285,184,48,15,0.8558558558558559,0.9246231155778895,0.6076759061833689,0.8558558558558559,0.71072319201995
0.4019310257205707,286,184,47,15,0.8588588588588588,0.9246231155778895,0.6085106382978723,0.8588588588588588,0.7123287671232877
0.4019275699206631,287,184,46,15,0.8618618618618619,0.9246231155778895,0.6093418259023354,0.8618618618618619,0.7139303482587065
0.4018884513581481,288,184,45,15,0.8648648648648649,0.9246231155778895,0.6101694915254238,0.8648648648648649,0.7155279503105589
0.40180222305388785,288,185,45,14,0.8648648648648649,0.9296482412060302,0.6088794926004228,0.8648648648648649,0.7146401985111662
0.4017837848522463,289,185,44,14,0.8678678678678678,0.9296482412060302,0.609704641350211,0.8678678678678678,0.7162329615861215
0.4017419636646162,290,185,43,14,0.8708708708708709,0.9296482412060302,0.6105263157894737,0.8708708708708709,0.7178217821782179
0.4017227934675901,291,185,42,14,0.8738738738738738,0.9296482412060302,0.6113445378151261,0.8738738738738738,0.719406674907293
0.40170831778768296,292,185,41,14,0.8768768768768769,0.9296482412060302,0.6121593291404612,0.8768768768768769,0.7209876543209877
0.40162284452802655,293,185,40,14,0.8798798798798799,0.9296482412060302,0.6129707112970711,0.8798798798798799,0.7225647348951911
0.40151065717644346,294,185,39,14,0.8828828828828829,0.9296482412060302,0.6137787056367432,0.8828828828828829,0.7241379310344828
0.4014944897331302,294,186,39,13,0.8828828828828829,0.9346733668341709,0.6125,0.8828828828828829,0.7232472324723246
0.4014038353994721,295,186,38,13,0.8858858858858859,0.9346733668341709,0.6133056133056133,0.8858858858858859,0.7248157248157249
0.40119593411476256,295,187,38,12,0.8858858858858859,0.9396984924623115,0.6120331950207469,0.8858858858858859,0.7239263803680981
0.4011654446584946,296,187,37,12,0.8888888888888888,0.9396984924623115,0.6128364389233955,0.8888888888888888,0.7254901960784313
0.4007891460978774,297,187,36,12,0.8918918918918919,0.9396984924623115,0.6136363636363636,0.8918918918918919,0.7270501835985312
0.4006642989915402,298,187,35,12,0.8948948948948949,0.9396984924623115,0.6144329896907217,0.8948948948948949,0.7286063569682153
0.40060853756496984,299,187,34,12,0.8978978978978979,0.9396984924623115,0.6152263374485597,0.8978978978978979,0.7301587301587301
0.4003646700566253,299,188,34,11,0.8978978978978979,0.9447236180904522,0.6139630390143738,0.8978978978978979,0.7292682926829268
0.40021514783978546,300,188,33,11,0.9009009009009009,0.9447236180904522,0.6147540983606558,0.9009009009009009,0.7308160779537151
0.3999096259071716,301,188,32,11,0.9039039039039038,0.9447236180904522,0.6155419222903885,0.9039039039039038,0.732360097323601
0.3998630752802706,302,188,31,11,0.9069069069069069,0.9447236180904522,0.6163265306122448,0.9069069069069069,0.7339003645200485
0.39964547766244046,302,189,31,10,0.9069069069069069,0.949748743718593,0.615071283095723,0.9069069069069069,0.7330097087378641
0.3996432243617732,303,189,30,10,0.9099099099099099,0.949748743718593,0.6158536585365854,0.9099099099099099,0.7345454545454546
0.39946104434918117,304,189,29,10,0.9129129129129129,0.949748743718593,0.6166328600405679,0.9129129129129129,0.7360774818401936
0.39945012647889644,305,189,28,10,0.9159159159159159,0.949748743718593,0.6174089068825911,0.9159159159159159,0.7376058041112455
0.3992800790268001,305,190,28,9,0.9159159159159159,0.9547738693467337,0.6161616161616161,0.9159159159159159,0.7367149758454107
0.3988663828611412,306,190,27,9,0.918918918918919,0.9547738693467337,0.6169354838709677,0.918918918918919,0.738238841978287
0.39821974929304954,307,190,26,9,0.9219219219219219,0.9547738693467337,0.6177062374245473,0.9219219219219219,0.7397590361445784
0.3981738977751333,308,190,25,9,0.924924924924925,0.9547738693467337,0.6184738955823293,0.924924924924925,0.7412755716004813
0.39803465332316545,308,191,25,8,0.924924924924925,0.9597989949748744,0.6172344689378757,0.924924924924925,0.7403846153846154
0.397913933073252,308,192,25,7,0.924924924924925,0.964824120603015,0.616,0.924924924924925,0.7394957983193278
0.3977787488006357,309,192,24,7,0.9279279279279279,0.964824120603015,0.6167664670658682,0.9279279279279279,0.7410071942446043
0.3977765686157943,309,193,24,6,0.9279279279279279,0.9698492462311558,0.6155378486055777,0.9279279279279279,0.7401197604790418
0.3975882519223736,310,193,23,6,0.9309309309309309,0.9698492462311558,0.6163021868787276,0.9309309309309309,0.7416267942583732
0.3975577919763487,310,194,23,5,0.9309309309309309,0.9748743718592965,0.6150793650793651,0.9309309309309309,0.7407407407407407
0.3973190171095731,311,194,22,5,0.933933933933934,0.9748743718592965,0.6158415841584158,0.933933933933934,0.7422434367541766
0.3970515606451553,312,194,21,5,0.9369369369369369,0.9748743718592965,0.616600790513834,0.9369369369369369,0.7437425506555423
0.3970114951184024,313,194,20,5,0.93993993993994,0.9748743718592965,0.6173570019723866,0.93993993993994,0.7452380952380954
0.3969714250043408,314,194,19,5,0.9429429429429429,0.9748743718592965,0.6181102362204725,0.9429429429429429,0.7467300832342448
0.39667257332612815,315,194,18,5,0.9459459459459459,0.9748743718592965,0.618860510805501,0.9459459459459459,0.7482185273159145
0.39663828037464727,316,194,17,5,0.948948948948949,0.9748743718592965,0.6196078431372549,0.948948948948949,0.7497034400948992
0.3965335330018749,317,194,16,5,0.9519519519519519,0.9748743718592965,0.6203522504892368,0.9519519519519519,0.7511848341232228
0.39641984150277765,317,195,16,4,0.9519519519519519,0.9798994974874372,0.619140625,0.9519519519519519,0.7502958579881657
0.39582561135098954,317,196,16,3,0.9519519519519519,0.9849246231155779,0.6179337231968811,0.9519519519519519,0.7494089834515366
0.39573382127093387,318,196,15,3,0.954954954954955,0.9849246231155779,0.6186770428015564,0.954954954954955,0.7508854781582055
0.39554404066926896,318,197,15,2,0.954954954954955,0.9899497487437185,0.6174757281553398,0.954954954954955,0.7499999999999999
0.39538613804552913,319,197,14,2,0.9579579579579579,0.9899497487437185,0.6182170542635659,0.9579579579579579,0.7514723203769139
0.39457919408967596,320,197,13,2,0.960960960960961,0.9899497487437185,0.6189555125725339,0.960960960960961,0.7529411764705882
0.39457614986347783,320,198,13,1,0.960960960960961,0.9949748743718593,0.6177606177606177,0.960960960960961,0.7520564042303173
0.39413505708906094,320,199,13,0,0.960960960960961,1.0,0.6165703275529865,0.960960960960961,0.7511737089201878
0.3940472247947954,321,199,12,0,0.963963963963964,1.0,0.6173076923076923,0.963963963963964,0.7526377491207503
0.3939904840367956,322,199,11,0,0.9669669669669669,1.0,0.6180422264875239,0.9669669669669669,0.7540983606557375
0.39355895243521016,323,199,10,0,0.96996996996997,1.0,0.6187739463601533,0.96996996996997,0.7555555555555555
0.3931942744499788,324,199,9,0,0.972972972972973,1.0,0.6195028680688337,0.972972972972973,0.7570093457943926
0.39218236203328394,325,199,8,0,0.975975975975976,1.0,0.6202290076335878,0.975975975975976,0.7584597432905484
0.39195013466931394,326,199,7,0,0.978978978978979,1.0,0.6209523809523809,0.978978978978979,0.7599067599067598
0.39040363357912505,327,199,6,0,0.9819819819819819,1.0,0.6216730038022814,0.9819819819819819,0.7613504074505238
0.38946191260145036,328,199,5,0,0.984984984984985,1.0,0.6223908918406073,0.984984984984985,0.7627906976744186
0.3888753653139358,329,199,4,0,0.987987987987988,1.0,0.6231060606060606,0.987987987987988,0.7642276422764228
0.3888220591632565,330,199,3,0,0.990990990990991,1.0,0.6238185255198487,0.990990990990991,0.765661252900232
0.38847037041259513,331,199,2,0,0.993993993993994,1.0,0.6245283018867924,0.993993993993994,0.7670915411355735
0.3874725719513716,332,199,1,0,0.996996996996997,1.0,0.6252354048964218,0.996996996996997,0.7685185185185184
0.38589228927086994,333,199,0,0,1.0,1.0,0.6259398496240601,1.0,0.7699421965317919