dataset,method,tag,file,auc,n_points
10_cover,adjusted,t100,csv/adjusted/10_cover_t100.csv,0.7642052625597582,5976
10_cover,mad,t100,csv/mad/10_cover_t100.csv,0.7716954204185514,45127
10_cover,zscore_more_trees,t100,csv/zscore_more_trees/10_cover_t100.csv,0.5200860853518153,5634
11_donors,adjusted,t100,csv/adjusted/11_donors_t100.csv,0.7624580432681235,420
11_donors,mad,t100,csv/mad/11_donors_t100.csv,0.03239335941600584,37
11_donors,zscore_more_trees,t100,csv/zscore_more_trees/11_donors_t100.csv,0.9927073340315618,6205
12_fault,adjusted,t100,csv/adjusted/12_fault_t100.csv,0.5572643571923713,677
12_fault,mad,t100,csv/mad/12_fault_t100.csv,0.5273590942215745,655
12_fault,zscore_more_trees,t100,csv/zscore_more_trees/12_fault_t100.csv,0.7485647251204209,685
13_fraud,adjusted,t100,csv/adjusted/13_fraud_t100.csv,0.9362349275640935,8342
13_fraud,mad,t100,csv/mad/13_fraud_t100.csv,0.9425221580373035,6666
13_fraud,zscore_more_trees,t100,csv/zscore_more_trees/13_fraud_t100.csv,0.937460061071605,6009
14_glass,adjusted,t100,csv/adjusted/14_glass_t100.csv,0.9545454545454546,39
14_glass,mad,t100,csv/mad/14_glass_t100.csv,0.7272727272727273,38
14_glass,zscore_more_trees,t100,csv/zscore_more_trees/14_glass_t100.csv,0.8636363636363636,39
15_Hepatitis,adjusted,t100,csv/adjusted/15_Hepatitis_t100.csv,0.6369047619047619,8
15_Hepatitis,mad,t100,csv/mad/15_Hepatitis_t100.csv,0.6011904761904762,6
15_Hepatitis,zscore_more_trees,t100,csv/zscore_more_trees/15_Hepatitis_t100.csv,0.5357142857142856,21
16_http,adjusted,t100,csv/adjusted/16_http_t100.csv,0.9581586265517623,227
16_http,mad,t100,csv/mad/16_http_t100.csv,0.1966787478380468,216
16_http,zscore_more_trees,t100,csv/zscore_more_trees/16_http_t100.csv,0.9899696180157502,14510
17_InternetAds,adjusted,t100,csv/adjusted/17_InternetAds_t100.csv,0.6071668293873567,405
17_InternetAds,mad,t100,csv/mad/17_InternetAds_t100.csv,0.5739412985111056,397
17_InternetAds,zscore_more_trees,t100,csv/zscore_more_trees/17_InternetAds_t100.csv,0.5777855748108371,422
18_Ionosphere,adjusted,t100,csv/adjusted/18_Ionosphere_t100.csv,0.9327970939283861,126
18_Ionosphere,mad,t100,csv/mad/18_Ionosphere_t100.csv,0.8624805396990141,128
18_Ionosphere,zscore_more_trees,t100,csv/zscore_more_trees/18_Ionosphere_t100.csv,0.9657498702646601,129
19_landsat,adjusted,t100,csv/adjusted/19_landsat_t100.csv,0.8089732996745199,1818
19_landsat,mad,t100,csv/mad/19_landsat_t100.csv,0.5504123280730024,1395
19_landsat,zscore_more_trees,t100,csv/zscore_more_trees/19_landsat_t100.csv,0.5881580929512784,1860
1_ALOI,adjusted,t100,csv/adjusted/1_ALOI_t100.csv,0.5275928920849335,5314
1_ALOI,mad,t100,csv/mad/1_ALOI_t100.csv,0.5016289235940301,1896
1_ALOI,zscore_more_trees,t100,csv/zscore_more_trees/1_ALOI_t100.csv,0.5139659573389973,6377
20_letter,adjusted,t100,csv/adjusted/20_letter_t100.csv,0.6562877395641902,360
20_letter,mad,t100,csv/mad/20_letter_t100.csv,0.4694670517196114,349
20_letter,zscore_more_trees,t100,csv/zscore_more_trees/20_letter_t100.csv,0.8540299291152534,358
21_Lymphography,adjusted,t100,csv/adjusted/21_Lymphography_t100.csv,0.5,24
21_Lymphography,mad,t100,csv/mad/21_Lymphography_t100.csv,0.7708333333333334,10
21_Lymphography,zscore_more_trees,t100,csv/zscore_more_trees/21_Lymphography_t100.csv,0.9722222222222222,39
22_magic.gamma,adjusted,t100,csv/adjusted/22_magic.gamma_t100.csv,0.7738048345782631,5849
22_magic.gamma,mad,t100,csv/mad/22_magic.gamma_t100.csv,0.7534810519830003,6433
22_magic.gamma,zscore_more_trees,t100,csv/zscore_more_trees/22_magic.gamma_t100.csv,0.7707217724239337,5148
23_mammography,adjusted,t100,csv/adjusted/23_mammography_t100.csv,0.7762298609430055,1640
23_mammography,mad,t100,csv/mad/23_mammography_t100.csv,0.7483740821431454,1515
23_mammography,zscore_more_trees,t100,csv/zscore_more_trees/23_mammography_t100.csv,0.8490680222706367,1602
24_mnist,adjusted,t100,csv/adjusted/24_mnist_t100.csv,0.4706807193626805,760
24_mnist,mad,t100,csv/mad/24_mnist_t100.csv,0.21784631739236612,1168
24_mnist,zscore_more_trees,t100,csv/zscore_more_trees/24_mnist_t100.csv,0.30623512567458205,420
25_musk,adjusted,t100,csv/adjusted/25_musk_t100.csv,1.0,612
25_musk,mad,t100,csv/mad/25_musk_t100.csv,0.5656351971682982,330
25_musk,zscore_more_trees,t100,csv/zscore_more_trees/25_musk_t100.csv,1.0,617
26_optdigits,adjusted,t100,csv/adjusted/26_optdigits_t100.csv,0.728438775510204,1066
26_optdigits,mad,t100,csv/mad/26_optdigits_t100.csv,0.8015255102040817,618
26_optdigits,zscore_more_trees,t100,csv/zscore_more_trees/26_optdigits_t100.csv,0.9183775510204082,999
27_PageBlocks,adjusted,t100,csv/adjusted/27_PageBlocks_t100.csv,0.8930363661568319,1216
27_PageBlocks,mad,t100,csv/mad/27_PageBlocks_t100.csv,0.9388737427414015,1172
27_PageBlocks,zscore_more_trees,t100,csv/zscore_more_trees/27_PageBlocks_t100.csv,0.9418557367958968,1209
28_pendigits,adjusted,t100,csv/adjusted/28_pendigits_t100.csv,0.9538936767839108,1444
28_pendigits,mad,t100,csv/mad/28_pendigits_t100.csv,0.8972781492594532,1375
28_pendigits,zscore_more_trees,t100,csv/zscore_more_trees/28_pendigits_t100.csv,0.9770205613264231,1433
29_Pima,adjusted,t100,csv/adjusted/29_Pima_t100.csv,0.7702040816326531,289
29_Pima,mad,t100,csv/mad/29_Pima_t100.csv,0.5826530612244898,289
29_Pima,zscore_more_trees,t100,csv/zscore_more_trees/29_Pima_t100.csv,0.7406122448979591,288
2_annthyroid,adjusted,t100,csv/adjusted/2_annthyroid_t100.csv,0.7548794327164472,981
2_annthyroid,mad,t100,csv/mad/2_annthyroid_t100.csv,0.9325678129943172,1620
2_annthyroid,zscore_more_trees,t100,csv/zscore_more_trees/2_annthyroid_t100.csv,0.8748901517370672,1488
30_satellite,adjusted,t100,csv/adjusted/30_satellite_t100.csv,0.8723647415395435,1975
30_satellite,mad,t100,csv/mad/30_satellite_t100.csv,0.6627024062693615,1613
30_satellite,zscore_more_trees,t100,csv/zscore_more_trees/30_satellite_t100.csv,0.7810876772886352,2104
32_shuttle,adjusted,t100,csv/adjusted/32_shuttle_t100.csv,0.427773997863105,286
32_shuttle,mad,t100,csv/mad/32_shuttle_t100.csv,0.5167456671980577,225
32_shuttle,zscore_more_trees,t100,csv/zscore_more_trees/32_shuttle_t100.csv,0.9990050814516533,6063
33_skin,adjusted,t100,csv/adjusted/33_skin_t100.csv,0.8962002849364461,6597
33_skin,mad,t100,csv/mad/33_skin_t100.csv,0.9718761982282879,6871
33_skin,zscore_more_trees,t100,csv/zscore_more_trees/33_skin_t100.csv,0.9672645637821635,4452
34_smtp,adjusted,t100,csv/adjusted/34_smtp_t100.csv,0.5513748803436763,8313
34_smtp,mad,t100,csv/mad/34_smtp_t100.csv,0.9113813592958372,9330
34_smtp,zscore_more_trees,t100,csv/zscore_more_trees/34_smtp_t100.csv,0.9606213957180547,10809
35_SpamBase,adjusted,t100,csv/adjusted/35_SpamBase_t100.csv,0.7358718638271949,555
35_SpamBase,mad,t100,csv/mad/35_SpamBase_t100.csv,0.6324080130967338,342
35_SpamBase,zscore_more_trees,t100,csv/zscore_more_trees/35_SpamBase_t100.csv,0.8032781636884058,1383
36_speech,adjusted,t100,csv/adjusted/36_speech_t100.csv,0.5473372781065089,91
36_speech,mad,t100,csv/mad/36_speech_t100.csv,0.552590998744845,75
36_speech,zscore_more_trees,t100,csv/zscore_more_trees/36_speech_t100.csv,0.5784471938318092,72
37_Stamps,adjusted,t100,csv/adjusted/37_Stamps_t100.csv,0.9511278195488722,76
37_Stamps,mad,t100,csv/mad/37_Stamps_t100.csv,0.7866541353383458,76
37_Stamps,zscore_more_trees,t100,csv/zscore_more_trees/37_Stamps_t100.csv,0.9182330827067668,77
38_thyroid,adjusted,t100,csv/adjusted/38_thyroid_t100.csv,0.9229394353369763,708
38_thyroid,mad,t100,csv/mad/38_thyroid_t100.csv,0.9721539162112933,764
38_thyroid,zscore_more_trees,t100,csv/zscore_more_trees/38_thyroid_t100.csv,0.9934881602914389,766
39_vertebral,adjusted,t100,csv/adjusted/39_vertebral_t100.csv,0.42506459948320413,62
39_vertebral,mad,t100,csv/mad/39_vertebral_t100.csv,0.5329457364341086,61
39_vertebral,zscore_more_trees,t100,csv/zscore_more_trees/39_vertebral_t100.csv,0.43152454780361754,63
40_vowels,adjusted,t100,csv/adjusted/40_vowels_t100.csv,0.8752224199288257,313
40_vowels,mad,t100,csv/mad/40_vowels_t100.csv,0.9562944839857651,311
40_vowels,zscore_more_trees,t100,csv/zscore_more_trees/40_vowels_t100.csv,0.969417259786477,313
41_Waveform,adjusted,t100,csv/adjusted/41_Waveform_t100.csv,0.8133547008547009,712
41_Waveform,mad,t100,csv/mad/41_Waveform_t100.csv,0.5951092117758785,715
41_Waveform,zscore_more_trees,t100,csv/zscore_more_trees/41_Waveform_t100.csv,0.6488485280151948,707
42_WBC,adjusted,t100,csv/adjusted/42_WBC_t100.csv,0.9783783783783784,35
42_WBC,mad,t100,csv/mad/42_WBC_t100.csv,1.0,22
42_WBC,zscore_more_trees,t100,csv/zscore_more_trees/42_WBC_t100.csv,0.9513513513513514,44
43_WDBC,adjusted,t100,csv/adjusted/43_WDBC_t100.csv,0.9784615384615385,72
43_WDBC,mad,t100,csv/mad/43_WDBC_t100.csv,0.6523076923076923,72
43_WDBC,zscore_more_trees,t100,csv/zscore_more_trees/43_WDBC_t100.csv,0.8307692307692307,72
44_Wilt,adjusted,t100,csv/adjusted/44_Wilt_t100.csv,0.7019675014437969,929
44_Wilt,mad,t100,csv/mad/44_Wilt_t100.csv,0.764182023415761,1073
44_Wilt,zscore_more_trees,t100,csv/zscore_more_trees/44_Wilt_t100.csv,0.676241665354124,1039
45_wine,adjusted,t100,csv/adjusted/45_wine_t100.csv,0.9375,23
45_wine,mad,t100,csv/mad/45_wine_t100.csv,0.7875,23
45_wine,zscore_more_trees,t100,csv/zscore_more_trees/45_wine_t100.csv,0.975,23
46_WPBC,adjusted,t100,csv/adjusted/46_WPBC_t100.csv,0.5752136752136753,71
46_WPBC,mad,t100,csv/mad/46_WPBC_t100.csv,0.5811965811965812,71
46_WPBC,zscore_more_trees,t100,csv/zscore_more_trees/46_WPBC_t100.csv,0.5692307692307692,71
47_yeast,adjusted,t100,csv/adjusted/47_yeast_t100.csv,0.4030362020311769,520
47_yeast,mad,t100,csv/mad/47_yeast_t100.csv,0.43117992364223523,515
47_yeast,zscore_more_trees,t100,csv/zscore_more_trees/47_yeast_t100.csv,0.4549021383192237,523
4_breastw,adjusted,t100,csv/adjusted/4_breastw_t100.csv,0.9933989621489622,98
4_breastw,mad,t100,csv/mad/4_breastw_t100.csv,0.9669948107448108,54
4_breastw,zscore_more_trees,t100,csv/zscore_more_trees/4_breastw_t100.csv,0.9179639804639805,182
5_campaign,adjusted,t100,csv/adjusted/5_campaign_t100.csv,0.5877950778169082,9879
5_campaign,mad,t100,csv/mad/5_campaign_t100.csv,0.47975833321689565,9803
5_campaign,zscore_more_trees,t100,csv/zscore_more_trees/5_campaign_t100.csv,0.7403455158107839,9948
6_cardio,adjusted,t100,csv/adjusted/6_cardio_t100.csv,0.8037582903463523,452
6_cardio,mad,t100,csv/mad/6_cardio_t100.csv,0.7123925325472857,424
6_cardio,zscore_more_trees,t100,csv/zscore_more_trees/6_cardio_t100.csv,0.7930483910587081,464
7_Cardiotocography,adjusted,t100,csv/adjusted/7_Cardiotocography_t100.csv,0.6323581284365598,591
7_Cardiotocography,mad,t100,csv/mad/7_Cardiotocography_t100.csv,0.6946415603278349,153
7_Cardiotocography,zscore_more_trees,t100,csv/zscore_more_trees/7_Cardiotocography_t100.csv,0.5315592903828198,605
8_celeba,adjusted,t100,csv/adjusted/8_celeba_t100.csv,0.7061597927268737,31739
8_celeba,mad,t100,csv/mad/8_celeba_t100.csv,0.6983196276510453,31759
8_celeba,zscore_more_trees,t100,csv/zscore_more_trees/8_celeba_t100.csv,0.720467060789427,31756
