dataset,run,method,auc,file,n_points
10_cover,t100,adjusted,0.7642052625597582,csv/adjusted/10_cover_t100.csv,5976
10_cover,t100,mad,0.7716954204185514,csv/mad/10_cover_t100.csv,45127
10_cover,t100,zscore_more_trees,0.5200860853518153,csv/zscore_more_trees/10_cover_t100.csv,5634
11_donors,t100,adjusted,0.7624580432681235,csv/adjusted/11_donors_t100.csv,420
11_donors,t100,mad,0.03239335941600584,csv/mad/11_donors_t100.csv,37
11_donors,t100,zscore_more_trees,0.9927073340315618,csv/zscore_more_trees/11_donors_t100.csv,6205
12_fault,t100,adjusted,0.5572643571923713,csv/adjusted/12_fault_t100.csv,677
12_fault,t100,mad,0.5273590942215745,csv/mad/12_fault_t100.csv,655
12_fault,t100,zscore_more_trees,0.7485647251204209,csv/zscore_more_trees/12_fault_t100.csv,685
13_fraud,t100,adjusted,0.9362349275640935,csv/adjusted/13_fraud_t100.csv,8342
13_fraud,t100,mad,0.9425221580373035,csv/mad/13_fraud_t100.csv,6666
13_fraud,t100,zscore_more_trees,0.937460061071605,csv/zscore_more_trees/13_fraud_t100.csv,6009
14_glass,t100,adjusted,0.9545454545454546,csv/adjusted/14_glass_t100.csv,39
14_glass,t100,mad,0.7272727272727273,csv/mad/14_glass_t100.csv,38
14_glass,t100,zscore_more_trees,0.8636363636363636,csv/zscore_more_trees/14_glass_t100.csv,39
15_Hepatitis,t100,adjusted,0.6369047619047619,csv/adjusted/15_Hepatitis_t100.csv,8
15_Hepatitis,t100,mad,0.6011904761904762,csv/mad/15_Hepatitis_t100.csv,6
15_Hepatitis,t100,zscore_more_trees,0.5357142857142856,csv/zscore_more_trees/15_Hepatitis_t100.csv,21
16_http,t100,adjusted,0.9581586265517623,csv/adjusted/16_http_t100.csv,227
16_http,t100,mad,0.1966787478380468,csv/mad/16_http_t100.csv,216
16_http,t100,zscore_more_trees,0.9899696180157502,csv/zscore_more_trees/16_http_t100.csv,14510
17_InternetAds,t100,adjusted,0.6071668293873567,csv/adjusted/17_InternetAds_t100.csv,405
17_InternetAds,t100,mad,0.5739412985111056,csv/mad/17_InternetAds_t100.csv,397
17_InternetAds,t100,zscore_more_trees,0.5777855748108371,csv/zscore_more_trees/17_InternetAds_t100.csv,422
18_Ionosphere,t100,adjusted,0.9327970939283861,csv/adjusted/18_Ionosphere_t100.csv,126
18_Ionosphere,t100,mad,0.8624805396990141,csv/mad/18_Ionosphere_t100.csv,128
18_Ionosphere,t100,zscore_more_trees,0.9657498702646601,csv/zscore_more_trees/18_Ionosphere_t100.csv,129
19_landsat,t100,adjusted,0.8089732996745199,csv/adjusted/19_landsat_t100.csv,1818
19_landsat,t100,mad,0.5504123280730024,csv/mad/19_landsat_t100.csv,1395
19_landsat,t100,zscore_more_trees,0.5881580929512784,csv/zscore_more_trees/19_landsat_t100.csv,1860
1_ALOI,t100,adjusted,0.5275928920849335,csv/adjusted/1_ALOI_t100.csv,5314
1_ALOI,t100,mad,0.5016289235940301,csv/mad/1_ALOI_t100.csv,1896
1_ALOI,t100,zscore_more_trees,0.5139659573389973,csv/zscore_more_trees/1_ALOI_t100.csv,6377
20_letter,t100,adjusted,0.6562877395641902,csv/adjusted/20_letter_t100.csv,360
20_letter,t100,mad,0.4694670517196114,csv/mad/20_letter_t100.csv,349
20_letter,t100,zscore_more_trees,0.8540299291152534,csv/zscore_more_trees/20_letter_t100.csv,358
21_Lymphography,t100,adjusted,0.5,csv/adjusted/21_Lymphography_t100.csv,24
21_Lymphography,t100,mad,0.7708333333333334,csv/mad/21_Lymphography_t100.csv,10
21_Lymphography,t100,zscore_more_trees,0.9722222222222222,csv/zscore_more_trees/21_Lymphography_t100.csv,39
22_magic.gamma,t100,adjusted,0.7738048345782631,csv/adjusted/22_magic.gamma_t100.csv,5849
22_magic.gamma,t100,mad,0.7534810519830003,csv/mad/22_magic.gamma_t100.csv,6433
22_magic.gamma,t100,zscore_more_trees,0.7707217724239337,csv/zscore_more_trees/22_magic.gamma_t100.csv,5148
23_mammography,t100,adjusted,0.7762298609430055,csv/adjusted/23_mammography_t100.csv,1640
23_mammography,t100,mad,0.7483740821431454,csv/mad/23_mammography_t100.csv,1515
23_mammography,t100,zscore_more_trees,0.8490680222706367,csv/zscore_more_trees/23_mammography_t100.csv,1602
24_mnist,t100,adjusted,0.4706807193626805,csv/adjusted/24_mnist_t100.csv,760
24_mnist,t100,mad,0.21784631739236612,csv/mad/24_mnist_t100.csv,1168
24_mnist,t100,zscore_more_trees,0.30623512567458205,csv/zscore_more_trees/24_mnist_t100.csv,420
25_musk,t100,adjusted,1.0,csv/adjusted/25_musk_t100.csv,612
25_musk,t100,mad,0.5656351971682982,csv/mad/25_musk_t100.csv,330
25_musk,t100,zscore_more_trees,1.0,csv/zscore_more_trees/25_musk_t100.csv,617
26_optdigits,t100,adjusted,0.728438775510204,csv/adjusted/26_optdigits_t100.csv,1066
26_optdigits,t100,mad,0.8015255102040817,csv/mad/26_optdigits_t100.csv,618
26_optdigits,t100,zscore_more_trees,0.9183775510204082,csv/zscore_more_trees/26_optdigits_t100.csv,999
27_PageBlocks,t100,adjusted,0.8930363661568319,csv/adjusted/27_PageBlocks_t100.csv,1216
27_PageBlocks,t100,mad,0.9388737427414015,csv/mad/27_PageBlocks_t100.csv,1172
27_PageBlocks,t100,zscore_more_trees,0.9418557367958968,csv/zscore_more_trees/27_PageBlocks_t100.csv,1209
28_pendigits,t100,adjusted,0.9538936767839108,csv/adjusted/28_pendigits_t100.csv,1444
28_pendigits,t100,mad,0.8972781492594532,csv/mad/28_pendigits_t100.csv,1375
28_pendigits,t100,zscore_more_trees,0.9770205613264231,csv/zscore_more_trees/28_pendigits_t100.csv,1433
29_Pima,t100,adjusted,0.7702040816326531,csv/adjusted/29_Pima_t100.csv,289
29_Pima,t100,mad,0.5826530612244898,csv/mad/29_Pima_t100.csv,289
29_Pima,t100,zscore_more_trees,0.7406122448979591,csv/zscore_more_trees/29_Pima_t100.csv,288
2_annthyroid,t100,adjusted,0.7548794327164472,csv/adjusted/2_annthyroid_t100.csv,981
2_annthyroid,t100,mad,0.9325678129943172,csv/mad/2_annthyroid_t100.csv,1620
2_annthyroid,t100,zscore_more_trees,0.8748901517370672,csv/zscore_more_trees/2_annthyroid_t100.csv,1488
30_satellite,t100,adjusted,0.8723647415395435,csv/adjusted/30_satellite_t100.csv,1975
30_satellite,t100,mad,0.6627024062693615,csv/mad/30_satellite_t100.csv,1613
30_satellite,t100,zscore_more_trees,0.7810876772886352,csv/zscore_more_trees/30_satellite_t100.csv,2104
32_shuttle,t100,adjusted,0.427773997863105,csv/adjusted/32_shuttle_t100.csv,286
32_shuttle,t100,mad,0.5167456671980577,csv/mad/32_shuttle_t100.csv,225
32_shuttle,t100,zscore_more_trees,0.9990050814516533,csv/zscore_more_trees/32_shuttle_t100.csv,6063
33_skin,t100,adjusted,0.8962002849364461,csv/adjusted/33_skin_t100.csv,6597
33_skin,t100,mad,0.9718761982282879,csv/mad/33_skin_t100.csv,6871
33_skin,t100,zscore_more_trees,0.9672645637821635,csv/zscore_more_trees/33_skin_t100.csv,4452
34_smtp,t100,adjusted,0.5513748803436763,csv/adjusted/34_smtp_t100.csv,8313
34_smtp,t100,mad,0.9113813592958372,csv/mad/34_smtp_t100.csv,9330
34_smtp,t100,zscore_more_trees,0.9606213957180547,csv/zscore_more_trees/34_smtp_t100.csv,10809
35_SpamBase,t100,adjusted,0.7358718638271949,csv/adjusted/35_SpamBase_t100.csv,555
35_SpamBase,t100,mad,0.6324080130967338,csv/mad/35_SpamBase_t100.csv,342
35_SpamBase,t100,zscore_more_trees,0.8032781636884058,csv/zscore_more_trees/35_SpamBase_t100.csv,1383
36_speech,t100,adjusted,0.5473372781065089,csv/adjusted/36_speech_t100.csv,91
36_speech,t100,mad,0.552590998744845,csv/mad/36_speech_t100.csv,75
36_speech,t100,zscore_more_trees,0.5784471938318092,csv/zscore_more_trees/36_speech_t100.csv,72
37_Stamps,t100,adjusted,0.9511278195488722,csv/adjusted/37_Stamps_t100.csv,76
37_Stamps,t100,mad,0.7866541353383458,csv/mad/37_Stamps_t100.csv,76
37_Stamps,t100,zscore_more_trees,0.9182330827067668,csv/zscore_more_trees/37_Stamps_t100.csv,77
38_thyroid,t100,adjusted,0.9229394353369763,csv/adjusted/38_thyroid_t100.csv,708
38_thyroid,t100,mad,0.9721539162112933,csv/mad/38_thyroid_t100.csv,764
38_thyroid,t100,zscore_more_trees,0.9934881602914389,csv/zscore_more_trees/38_thyroid_t100.csv,766
39_vertebral,t100,adjusted,0.42506459948320413,csv/adjusted/39_vertebral_t100.csv,62
39_vertebral,t100,mad,0.5329457364341086,csv/mad/39_vertebral_t100.csv,61
39_vertebral,t100,zscore_more_trees,0.43152454780361754,csv/zscore_more_trees/39_vertebral_t100.csv,63
40_vowels,t100,adjusted,0.8752224199288257,csv/adjusted/40_vowels_t100.csv,313
40_vowels,t100,mad,0.9562944839857651,csv/mad/40_vowels_t100.csv,311
40_vowels,t100,zscore_more_trees,0.969417259786477,csv/zscore_more_trees/40_vowels_t100.csv,313
41_Waveform,t100,adjusted,0.8133547008547009,csv/adjusted/41_Waveform_t100.csv,712
41_Waveform,t100,mad,0.5951092117758785,csv/mad/41_Waveform_t100.csv,715
41_Waveform,t100,zscore_more_trees,0.6488485280151948,csv/zscore_more_trees/41_Waveform_t100.csv,707
42_WBC,t100,adjusted,0.9783783783783784,csv/adjusted/42_WBC_t100.csv,35
42_WBC,t100,mad,1.0,csv/mad/42_WBC_t100.csv,22
42_WBC,t100,zscore_more_trees,0.9513513513513514,csv/zscore_more_trees/42_WBC_t100.csv,44
43_WDBC,t100,adjusted,0.9784615384615385,csv/adjusted/43_WDBC_t100.csv,72
43_WDBC,t100,mad,0.6523076923076923,csv/mad/43_WDBC_t100.csv,72
43_WDBC,t100,zscore_more_trees,0.8307692307692307,csv/zscore_more_trees/43_WDBC_t100.csv,72
44_Wilt,t100,adjusted,0.7019675014437969,csv/adjusted/44_Wilt_t100.csv,929
44_Wilt,t100,mad,0.764182023415761,csv/mad/44_Wilt_t100.csv,1073
44_Wilt,t100,zscore_more_trees,0.676241665354124,csv/zscore_more_trees/44_Wilt_t100.csv,1039
45_wine,t100,adjusted,0.9375,csv/adjusted/45_wine_t100.csv,23
45_wine,t100,mad,0.7875,csv/mad/45_wine_t100.csv,23
45_wine,t100,zscore_more_trees,0.975,csv/zscore_more_trees/45_wine_t100.csv,23
46_WPBC,t100,adjusted,0.5752136752136753,csv/adjusted/46_WPBC_t100.csv,71
46_WPBC,t100,mad,0.5811965811965812,csv/mad/46_WPBC_t100.csv,71
46_WPBC,t100,zscore_more_trees,0.5692307692307692,csv/zscore_more_trees/46_WPBC_t100.csv,71
47_yeast,t100,adjusted,0.4030362020311769,csv/adjusted/47_yeast_t100.csv,520
47_yeast,t100,mad,0.43117992364223523,csv/mad/47_yeast_t100.csv,515
47_yeast,t100,zscore_more_trees,0.4549021383192237,csv/zscore_more_trees/47_yeast_t100.csv,523
4_breastw,t100,adjusted,0.9933989621489622,csv/adjusted/4_breastw_t100.csv,98
4_breastw,t100,mad,0.9669948107448108,csv/mad/4_breastw_t100.csv,54
4_breastw,t100,zscore_more_trees,0.9179639804639805,csv/zscore_more_trees/4_breastw_t100.csv,182
5_campaign,t100,adjusted,0.5877950778169082,csv/adjusted/5_campaign_t100.csv,9879
5_campaign,t100,mad,0.47975833321689565,csv/mad/5_campaign_t100.csv,9803
5_campaign,t100,zscore_more_trees,0.7403455158107839,csv/zscore_more_trees/5_campaign_t100.csv,9948
6_cardio,t100,adjusted,0.8037582903463523,csv/adjusted/6_cardio_t100.csv,452
6_cardio,t100,mad,0.7123925325472857,csv/mad/6_cardio_t100.csv,424
6_cardio,t100,zscore_more_trees,0.7930483910587081,csv/zscore_more_trees/6_cardio_t100.csv,464
7_Cardiotocography,t100,adjusted,0.6323581284365598,csv/adjusted/7_Cardiotocography_t100.csv,591
7_Cardiotocography,t100,mad,0.6946415603278349,csv/mad/7_Cardiotocography_t100.csv,153
7_Cardiotocography,t100,zscore_more_trees,0.5315592903828198,csv/zscore_more_trees/7_Cardiotocography_t100.csv,605
8_celeba,t100,adjusted,0.7061597927268737,csv/adjusted/8_celeba_t100.csv,31739
8_celeba,t100,mad,0.6983196276510453,csv/mad/8_celeba_t100.csv,31759
8_celeba,t100,zscore_more_trees,0.720467060789427,csv/zscore_more_trees/8_celeba_t100.csv,31756
